"id","name","rate"
2188,"Northwest Arctic  ",0
2261,"Valdez-Cordova Cens ",0
2100,"Haines  ",0
2070,"Dillingham Cens ",0
2110,"Juneau City and  ",0
2150,"Kodiak Island  ",0
2198,"Prince of Wales-Hyder Cens ",0
2050,"Bethel Cens ",0
2122,"Kenai Peninsula  ",0
2180,"Nome Cens ",0
2282,"Yakutat City and  ",0
2270,"Wade Hampton Cens ",0
2105,"Hoonah-Angoon Cens ",0
2240,"Southeast Fairbanks Cens ",0
2060,"Bristol Bay  ",0
2090,"Fairbanks North Star  ",0
2290,"Yukon-Koyukuk Cens ",0
2020,"Anchorage Munic ",0
2130,"Ketchikan Gateway  ",0
2230,"Skagway Munic ",0
2220,"Sitka City and  ",0
2170,"Matanuska-Susitna  ",0
2185,"North Slope  ",0
2195,"Petersburg Cens ",0
2275,"Wrangell City and  ",0
2068,"Denali  ",0
2013,"Aleutians East  ",0
2016,"Aleutians West Cens ",0
2164,"Lake and Peninsula  ",0
1045,"Dale ",36.4440249841067
1061,"Geneva ",21.89945998656
1041,"Crenshaw ",10.77761072448
1019,"Cherokee ",17.5078360004267
1047,"Dallas ",35.7221967643733
1073,"Jefferson ",567.43682120896
1055,"Etowah ",87.0023058882133
1003,"Baldwin ",145.243183544533
1017,"Chambers ",27.2137685681067
1025,"Clarke ",20.9564038299733
1049,"DeKalb ",55.5579664471467
1037,"Coosa ",8.97274275114667
1129,"Washington ",13.71562448128
1065,"Hale ",13.8876465915733
1067,"Henry ",14.1709528657067
1005,"Barbour ",22.0859844910933
1009,"Blount ",35.95185171456
1079,"Lawrence ",28.7847026513067
1127,"Walker ",54.3479623364267
1087,"Macon ",18.04461890432
1083,"Limestone ",67.30295864576
1013,"Butler ",16.3090348603733
1085,"Lowndes ",8.64035358570667
1115,"St. Clair ",64.2307868366933
1093,"Marion ",22.5551569713067
1117,"Shelby ",159.862524901333
1077,"Lauderdale ",76.42960443712
1051,"Elmore ",72.38059307072
1033,"Colbert ",42.2457480512
1029,"Cleburne ",11.4356276164267
1021,"Chilton ",31.3902439639467
1089,"Madison ",287.4642814816
1043,"Cullman ",64.1914435899733
1113,"Russell ",43.4230791441067
1119,"Sumter ",11.1678508407467
1075,"Lamar ",12.1813726914133
1107,"Pickens ",15.9343797617067
1105,"Perry ",7.45558292714667
1125,"Tuscaloosa ",178.899306647467
1007,"Bibb ",20.0552448008533
1121,"Talladega ",65.5780858314667
1109,"Pike ",31.0477146229333
1101,"Montgomery ",193.7635865824
1111,"Randolph ",18.12824263616
1131,"Wilcox ",8.85721930389333
1023,"Choctaw ",10.8543619790933
1081,"Lee ",127.10708494912
1133,"Winston ",21.0280592200533
1031,"Coffee ",41.1344212923733
1059,"Franklin ",27.37226383488
1063,"Greene ",6.85523456597333
1123,"Tallapoosa ",29.17555744384
1103,"Morgan ",97.2418210775467
1071,"Jackson ",44.44619787584
1053,"Escambia ",31.5244615010133
1039,"Covington ",30.6060994677333
1099,"Monroe ",17.9144502993067
1097,"Mobile ",340.02351605376
1091,"Marengo ",15.6872759368533
1035,"Conecuh ",10.12250462208
1011,"Bullock ",9.86834589994667
1069,"Houston ",84.8098270267733
1027,"Clay ",10.7052097915733
1095,"Marshall ",79.2785654826667
1057,"Fayette ",13.3843219048533
1015,"Calhoun ",106.68288369344
1001,"Autauga ",43.1771888091733
5133,"Sevier ",380.688459122274
5079,"Lincoln ",355.013355550846
5049,"Fulton ",224.652379755354
5089,"Marion ",329.873763322262
5129,"Searcy ",190.287251589412
5035,"Crittenden ",1147.9696686922
5105,"Perry ",252.112498471999
5057,"Hempstead ",469.823900583494
5055,"Greene ",953.044287817337
5111,"Poinsett ",573.803055578312
5023,"Cleburne ",564.657547174032
5031,"Craighead ",2333.51576579445
5115,"Pope ",1524.7977002481
5131,"Sebastian ",2949.83676297021
5101,"Newton ",173.633569550667
5025,"Cleveland ",185.536322238221
5087,"Madison ",337.86155821275
5045,"Faulkner ",2797.90642921499
5077,"Lee ",244.051339343455
5147,"Woodruff ",167.447991985403
5029,"Conway ",462.64039259937
5071,"Johnson ",561.415922138291
5083,"Logan ",512.07320260304
5127,"Scott ",196.282789260916
5069,"Jefferson ",1860.92238222254
5139,"Union ",963.21546770547
5073,"Lafayette ",157.708022475169
5125,"Saline ",2514.07936614715
5041,"Desha ",316.419074829674
5093,"Mississippi ",1050.0204557289
5097,"Montgomery ",163.824043399532
5113,"Polk ",449.67287256431
5061,"Howard ",340.627097618399
5007,"Benton ",4878.4650898969
5053,"Grant ",386.450033547113
5003,"Ashley ",502.729155204206
5037,"Cross ",401.594343277602
5091,"Miller ",1023.33858267379
5027,"Columbia ",595.063794190002
5065,"Izard ",316.155466719439
5107,"Phillips ",474.491266775676
5005,"Baxter ",828.846044004175
5001,"Arkansas ",452.819103692736
5117,"Prairie ",170.174843484237
5015,"Carroll ",629.84544628767
5009,"Boone ",838.913126905779
5141,"Van Buren ",348.911953079848
5085,"Lonoke ",1682.3273775922
5019,"Clark ",626.698059281536
5145,"White ",1892.30990141981
5099,"Nevada ",198.821028714924
5017,"Chicot ",270.583220267753
5043,"Drew ",410.562798414136
5039,"Dallas ",181.921076731564
5135,"Sharp ",411.613695229146
5033,"Crawford ",1448.04864430603
5143,"Washington ",5240.71811548992
5121,"Randolph ",373.370937316826
5149,"Yell ",508.884611956255
5109,"Pike ",241.358008298154
5137,"Stone ",247.47416520813
5119,"Pulaski ",9205.08166142323
5103,"Ouachita ",614.045141961476
5123,"St. Francis ",719.814411561986
5081,"Little River ",302.88021124282
5059,"Hot Spring ",703.372187151002
5047,"Franklin ",408.183390155772
5067,"Jackson ",383.501593492371
5063,"Independence ",813.248018276885
5021,"Clay ",358.479696811587
5075,"Lawrence ",436.475468850966
5051,"Garland ",2218.35451386662
5095,"Monroe ",180.021969657286
5013,"Calhoun ",100.207933990384
5011,"Bradley ",261.235705235795
60050,"Western D ",NA
60040,"Swains ",NA
60010,"Eastern D ",NA
60020,"Manu'a D ",NA
60030,"Rose ",NA
4021,"Pinal ",5196.27301157531
4025,"Yavapai ",2877.99280866858
4007,"Gila ",666.126226975996
4001,"Apache ",996.948112808895
4012,"La Paz ",238.174442476046
4013,"Maricopa ",55681.764296324
4019,"Pima ",14169.4104296617
4005,"Coconino ",2093.54587646427
4015,"Mohave ",2636.00950890823
4023,"Santa Cruz ",627.669928344168
4009,"Graham ",510.843436066491
4003,"Cochise ",1890.31740590499
4027,"Yuma ",2602.30354469254
4011,"Greenlee ",117.114469199375
4017,"Navajo ",1466.35480840609
6109,"Tuolumne ",155.057958320616
6047,"Merced ",665.199342403163
6001,"Alameda ",4440.17485682643
6085,"Santa Clara ",5049.72206364986
6079,"San Luis Obispo ",785.640245487806
6067,"Sacramento ",3966.76566350343
6019,"Fresno ",2480.27761708184
6097,"Sonoma ",1366.2273641866
6083,"Santa Barbara ",1199.1082144618
6099,"Stanislaus ",1383.19470715309
6075,"San Francisco ",2592.93490516604
6101,"Sutter ",247.995296837358
6053,"Monterey ",1111.78378209373
6011,"Colusa ",55.6892891230697
6055,"Napa ",374.486366645515
6089,"Shasta ",454.807094449628
6107,"Tulare ",1123.31906770841
6017,"El Dorado ",500.456554241855
6087,"Santa Cruz ",835.583085021919
6031,"Kings ",430.96676459702
6073,"San Diego ",8900.80771050939
6045,"Mendocino ",239.310891562219
6027,"Inyo ",52.3928802370742
6077,"San Joaquin ",1819.82963725338
6057,"Nevada ",258.578823795363
6065,"Riverside ",5794.59942988632
6059,"Orange ",8509.48555583817
6081,"San Mateo ",2087.9292920094
6111,"Ventura ",2280.81269718453
6013,"Contra Costa ",2890.45629390491
6091,"Sierra ",8.24704004243104
6093,"Siskiyou ",121.097735867718
6115,"Yuba ",192.549755890161
6049,"Modoc ",22.3428850692689
6051,"Mono ",39.8576933461847
6063,"Plumas ",50.3043278121154
6021,"Glenn ",74.7025887620099
6037,"Los Angeles ",28015.830611374
6007,"Butte ",618.231612098569
6033,"Lake ",174.505588114075
6025,"Imperial ",452.549519566947
6095,"Solano ",1165.5737402182
6113,"Yolo ",603.252036029621
6041,"Marin ",694.268065395361
6029,"Kern ",2256.02887664687
6023,"Humboldt ",397.288281126282
6009,"Calaveras ",119.517192736744
6071,"San Bernardino ",5554.42678543439
6061,"Placer ",934.180007096713
6015,"Del Norte ",81.4735342262881
6105,"Trinity ",37.3603472866353
6103,"Tehama ",182.744674158496
6039,"Madera ",398.367722382598
6043,"Mariposa ",45.1346477367864
6069,"San Benito ",146.133572552873
6005,"Amador ",105.457873306033
6035,"Lassen ",109.599080507035
6003,"Alpine ",3.24439392532185
8091,"Ouray ",0
8075,"Logan ",0
8053,"Hinsdale ",0
8017,"Cheyenne ",0
8121,"Washington ",0
8073,"Lincoln ",0
8109,"Saguache ",0
8021,"Conejos ",0
8005,"Arapahoe ",0
8001,"Adams ",0
8115,"Sedgwick ",0
8077,"Mesa ",0
8043,"Fremont ",0
8063,"Kit Carson ",0
8023,"Costilla ",0
8081,"Moffat ",0
8083,"Montezuma ",0
8025,"Crowley ",0
8099,"Prowers ",0
8029,"Delta ",0
8003,"Alamosa ",0
8059,"Jefferson ",0
8051,"Gunnison ",0
8101,"Pueblo ",0
8071,"Las Animas ",0
8015,"Chaffee ",0
8009,"Baca ",0
8055,"Huerfano ",0
8057,"Jackson ",0
8067,"La Plata ",0
8065,"Lake ",0
8047,"Gilpin ",0
8007,"Archuleta ",0
8061,"Kiowa ",0
8019,"Clear Creek ",0
8069,"Larimer ",0
8089,"Otero ",0
8011,"Bent ",0
8079,"Mineral ",0
8103,"Rio Blanco ",0
8117,"Summit ",0
8013,"Boulder ",0
8014,"Broomfield ",0
8049,"Grand ",0
8105,"Rio Grande ",0
8033,"Dolores ",0
8037,"Eagle ",0
8031,"Denver ",0
8095,"Phillips ",0
8125,"Yuma ",0
8097,"Pitkin ",0
8119,"Teller ",0
8035,"Douglas ",0
8123,"Weld ",0
8111,"San Juan ",0
8093,"Park ",0
8041,"El Paso ",0
8087,"Morgan ",0
8027,"Custer ",0
8085,"Montrose ",0
8045,"Garfield ",0
8113,"San Miguel ",0
8107,"Routt ",0
8039,"Elbert ",0
9003,"Hartford ",5656.080345515
9009,"New Haven ",5508.94654157
9005,"Litchfield ",1194.86134205
9013,"Tolland ",1045.09343827
9011,"New London ",1780.98819381
9015,"Windham ",775.567989855
9001,"Fairfield ",5718.6964232
9007,"Middlesex ",1054.76572573
11001,"District of C ",0
10001,"Kent ",0
10005,"Sussex ",0
10003,"New Castle ",0
12071,"Lee ",1572.70923705162
12017,"Citrus ",328.140326405288
12029,"Dixie ",41.7958799416656
12073,"Leon ",876.920518969991
12081,"Manatee ",815.257252713866
12107,"Putnam ",214.189592953624
12001,"Alachua ",789.036746119166
12057,"Hillsborough ",3599.31075090564
12053,"Hernando ",404.326432985949
12121,"Suwannee ",112.104260323884
12049,"Hardee ",73.8044410488776
12065,"Jefferson ",42.9558332460905
12005,"Bay ",481.40301346044
12117,"Seminole ",1123.37308677267
12105,"Polk ",1583.84637789258
12035,"Flagler ",235.301599567107
12129,"Wakulla ",93.0583657144797
12125,"Union ",55.7774396809902
12097,"Osceola ",734.978030950097
12075,"Levy ",99.2220816454386
12045,"Gulf ",48.5975650305825
12083,"Marion ",786.907172565206
12123,"Taylor ",64.1070518741345
12015,"Charlotte ",363.190656352566
12079,"Madison ",55.5456244422756
12031,"Duval ",2529.75728920273
12101,"Pasco ",1158.89937834406
12043,"Glades ",19.4485400852397
12023,"Columbia ",186.315422834321
12007,"Bradford ",74.6164909135846
12013,"Calhoun ",39.3757247219049
12085,"Martin ",354.765232697527
12086,"Miami-Dade ",7161.80498017657
12131,"Walton ",148.468605517008
12059,"Holmes ",50.5578045953461
12039,"Gadsden ",130.433400582916
12009,"Brevard ",1454.33466603087
12133,"Washington ",65.1966815261294
12061,"Indian River ",331.348643117727
12019,"Clay ",523.329634513813
12051,"Hendry ",109.080807622198
12111,"St. Lucie ",703.703456841761
12077,"Liberty ",26.7701455303834
12087,"Monroe ",221.206944122627
12063,"Jackson ",149.380491234577
12067,"Lafayette ",21.8161202486348
12047,"Hamilton ",46.9750131438485
12069,"Lake ",751.366124893597
12055,"Highlands ",224.788652084248
12099,"Palm Beach ",3438.61774825445
12027,"DeSoto ",92.9713769558612
12115,"Sarasota ",894.669992145346
12119,"Sumter ",202.514060833785
12093,"Okeechobee ",113.054377755651
12091,"Okaloosa ",525.081689238111
12033,"Escambia ",844.610799271999
12103,"Pinellas ",2498.30909874045
12041,"Gilchrist ",44.2608194096355
12113,"Santa Rosa ",435.07628842575
12109,"St. Johns ",520.633602133712
12089,"Nassau ",202.821823553333
12003,"Baker ",76.1936910097933
12095,"Orange ",3524.68915211121
12021,"Collier ",777.534004837176
12037,"Franklin ",33.13776393706
12011,"Broward ",4960.05603799327
12127,"Volusia ",1330.92403406634
13063,"Clayton ",297.225762390616
13137,"Habersham ",59.0141197374759
13121,"Fulton ",1420.81325918177
13205,"Mitchell ",31.5070981574465
13113,"Fayette ",145.74849232589
13107,"Emanuel ",31.7915360746368
13117,"Forsyth ",170.331296979095
13269,"Taylor ",10.8372012453297
13253,"Seminole ",11.3690196023964
13225,"Peach ",52.2573555158467
13319,"Wilkinson ",14.8264085228909
13045,"Carroll ",175.04140286325
13057,"Cherokee ",317.485091939249
13143,"Haralson ",35.5844258376617
13021,"Bibb ",232.766230644086
13181,"Lincoln ",10.1107272642103
13303,"Washington ",27.9766396650479
13287,"Turner ",12.7487907739903
13171,"Lamar ",24.661194955125
13009,"Baldwin ",65.4837923780783
13133,"Greene ",20.2506716353081
13295,"Walker ",106.815946867025
13233,"Polk ",61.6169216838518
13111,"Fannin ",30.4348839440433
13093,"Dooly ",20.9860447719199
13135,"Gwinnett ",1035.27763862203
13209,"Montgomery ",12.5383739950294
13081,"Crisp ",29.8901457287016
13241,"Rabun ",20.1546304481722
13255,"Spalding ",81.829544068493
13075,"Cook ",22.5854133271618
13251,"Screven ",19.1275687270186
13261,"Sumter ",44.4446609270842
13145,"Harris ",42.4083357957619
13017,"Ben Hill ",23.9643937605418
13029,"Bryan ",46.0769188310886
13177,"Lee ",34.0857222777558
13125,"Glascock ",4.2057221224092
13259,"Stewart ",9.95958904660885
13191,"McIntosh ",18.441408992467
13247,"Rockdale ",112.988020489995
13019,"Berrien ",26.9841559878255
13007,"Baker ",2.70464634786146
13189,"McDuffie ",28.4393957506505
13279,"Toombs ",36.3826693634522
13283,"Treutlen ",7.8193153460113
13257,"Stephens ",39.4488439031908
13243,"Randolph ",10.2645861573613
13165,"Jenkins ",9.90075276255545
13235,"Pulaski ",18.9854368836505
13027,"Brooks ",15.3083701654523
13311,"White ",35.8353444959869
13011,"Banks ",17.7669226983277
13309,"Wheeler ",11.2851745470347
13069,"Coffee ",57.4102747998026
13221,"Oglethorpe ",13.3385608604982
13195,"Madison ",35.3958816818387
13015,"Bartow ",134.296673050855
13131,"Grady ",29.3071438252112
13025,"Brantley ",21.7410791451391
13185,"Lowndes ",165.453688617013
13299,"Ware ",51.3633790568003
13173,"Lanier ",10.2562230955733
13271,"Telfair ",26.1079510350786
13215,"Muscogee ",248.103067385239
13013,"Barrow ",99.8083309987834
13049,"Charlton ",17.836320028357
13127,"Glynn ",104.749399453119
13305,"Wayne ",40.5660363783897
13089,"DeKalb ",1085.41493116993
13047,"Catoosa ",64.3555161655418
13071,"Colquitt ",58.1323394102037
13123,"Gilmer ",34.6341729420002
13161,"Jeff Davis ",19.6339762424987
13169,"Jones ",22.0796625264696
13281,"Towns ",13.6494013926282
13067,"Cobb ",977.104824137145
13267,"Tattnall ",39.9627433281893
13159,"Jasper ",22.6941331304058
13091,"Dodge ",27.084325096485
13005,"Bacon ",13.3997693591934
13317,"Wilkes ",14.1032449203959
13085,"Dawson ",36.7151814835809
13313,"Whitfield ",138.492088771798
13315,"Wilcox ",14.3154174062386
13207,"Monroe ",29.3926507710564
13237,"Putnam ",26.6128976952143
13231,"Pike ",24.6167125800058
13307,"Webster ",2.92823762960698
13227,"Pickens ",38.0852761638111
13167,"Johnson ",13.1169531254589
13053,"Chattahoochee ",30.557770023425
13097,"Douglas ",186.656931753254
13219,"Oconee ",43.4616393037438
13043,"Candler ",13.9706019355949
13001,"Appling ",23.9369859699065
13239,"Quitman ",3.14372049407407
13153,"Houston ",183.605419376329
13297,"Walton ",146.340648029382
13245,"Richmond ",267.537656976744
13059,"Clarke ",195.565924565088
13149,"Heard ",12.5275449022014
13249,"Schley ",6.27704077028358
13055,"Chattooga ",38.0914948507817
13217,"Newton ",132.396234271245
13087,"Decatur ",35.9551614389112
13263,"Talbot ",5.89024916258858
13147,"Hart ",23.625408308933
13151,"Henry ",298.114203682165
13157,"Jackson ",100.223763412634
13163,"Jefferson ",22.9294380595916
13175,"Laurens ",62.2980957469529
13119,"Franklin ",32.8468901410378
13183,"Long ",13.4133861392842
13139,"Hall ",242.311821327503
13197,"Marion ",14.1529542091326
13101,"Echols ",1.38344341346877
13285,"Troup ",92.0863836718263
13079,"Crawford ",8.07016699262348
13229,"Pierce ",24.6089928306631
13077,"Coweta ",172.793334121049
13179,"Liberty ",91.9317340404613
13037,"Calhoun ",10.7070779009392
13293,"Upson ",33.6713352466289
13129,"Gordon ",76.5011613151004
13003,"Atkinson ",12.3130404087447
13155,"Irwin ",10.5285855020729
13141,"Hancock ",13.789147619012
13201,"Miller ",7.67950210791448
13187,"Lumpkin ",37.2783211153248
13275,"Thomas ",64.4744887608816
13035,"Butts ",38.5262534426742
13291,"Union ",24.8117568719942
13321,"Worth ",22.4688799581768
13301,"Warren ",6.94020208491824
13083,"Dade ",21.0574390509979
13039,"Camden ",70.2662307052943
13199,"Meriwether ",25.8113303884568
13031,"Bulloch ",101.721502003872
13099,"Early ",12.9258893292253
13023,"Bleckley ",19.0760099150019
13105,"Elbert ",27.6997338644039
13213,"Murray ",51.0098922704886
13103,"Effingham ",75.9641830561293
13095,"Dougherty ",136.596836698778
13273,"Terrell ",12.1912935284848
13289,"Twiggs ",10.2800926677599
13073,"Columbia ",184.62902329309
13223,"Paulding ",139.895381054671
13033,"Burke ",25.2664045403185
13065,"Clinch ",9.07508804378698
13277,"Tift ",57.1587128290321
13211,"Morgan ",22.5325410855694
13115,"Floyd ",123.541507544635
13051,"Chatham ",368.720156967911
13109,"Evans ",14.9420171302359
13265,"Taliaferro ",2.36025975218126
13193,"Macon ",20.2747824496616
13061,"Clay ",3.90498695660642
66010," ",NA
15003,"Honolulu ",0
15009,"Maui ",0
15005,"Kalawao ",0
15007,"Kauai ",0
15001,"Hawaii ",0
19049,"Dallas ",52.9534421203167
19013,"Black Hawk ",127.673160193717
19031,"Cedar ",14.8172259542533
19051,"Davis ",7.41699522179667
19035,"Cherokee ",10.34392675714
19095,"Iowa ",14.3256226703967
19159,"Ringgold ",3.75659331244667
19181,"Warren ",42.4915211016767
19003,"Adams ",3.25645553326
19189,"Winnebago ",10.9101751562467
19193,"Woodbury ",95.5607047376167
19039,"Clarke ",7.74713104181
19119,"Lyon ",9.63381558161667
19001,"Adair ",5.28236484326667
19027,"Carroll ",18.4793279959733
19055,"Delaware ",14.1102133616067
19091,"Humboldt ",8.95329742326667
19073,"Greene ",7.92291006769333
19137,"Montgomery ",9.38207193476334
19111,"Lee ",32.63691668795
19065,"Fayette ",17.69443637128
19187,"Webster ",35.0769844460933
19115,"Louisa ",9.81644870665667
19025,"Calhoun ",8.27421718781667
19113,"Linn ",201.72301483551
19069,"Franklin ",8.31369522006333
19167,"Sioux ",29.85056044255
19163,"Scott ",156.330134670457
19077,"Guthrie ",9.85291555918333
19021,"Buena Vista ",18.5374877480933
19125,"Marion ",30.39419679919
19139,"Muscatine ",40.5231005131033
19037,"Chickasaw ",10.9348256658833
19175,"Union ",11.5853814582367
19057,"Des Moines ",35.8953740354433
19127,"Marshall ",35.9519633502
19161,"Sac ",8.84906774921333
19123,"Mahaska ",18.9127348747733
19101,"Jefferson ",16.13527965407
19089,"Howard ",7.87566443233
19171,"Tama ",15.38215484764
19145,"Page ",14.2105831994833
19179,"Wapello ",32.91753157107
19151,"Pocahontas ",5.66184397440333
19183,"Washington ",21.0018084724833
19147,"Palo Alto ",8.54839525136667
19045,"Clinton ",43.98426833656
19173,"Taylor ",5.50256440893333
19177,"Van Buren ",6.95729690958
19083,"Hardin ",16.05308967278
19043,"Clayton ",15.73057202468
19005,"Allamakee ",12.9244034572833
19191,"Winneshiek ",19.2804033019333
19143,"Osceola ",5.51796146179
19085,"Harrison ",13.4893295312133
19117,"Lucas ",7.58291742717333
19011,"Benton ",22.5060788267633
19141,"O'Brien ",0.151686768666667
19169,"Story ",100.61184593965
19017,"Bremer ",23.0706158156733
19121,"Madison ",13.2428357126733
19133,"Monona ",7.49853954751
19053,"Decatur ",7.77662255854333
19015,"Boone ",22.07345293746
19029,"Cass ",12.4152236805667
19019,"Buchanan ",19.47790060252
19071,"Fremont ",6.47503730511667
19197,"Wright ",11.45610937007
19009,"Audubon ",4.71010536254667
19103,"Johnson ",139.983048973217
19081,"Hancock ",8.89390274912667
19185,"Wayne ",5.13365542084
19067,"Floyd ",13.74122260927
19195,"Worth ",6.44518771738667
19041,"Clay ",14.4478235612433
19099,"Jasper ",32.7040817846633
19063,"Emmet ",9.15632649783333
19153,"Polk ",426.648824434683
19109,"Kossuth ",12.5647873983633
19165,"Shelby ",9.82393154465
19087,"Henry ",19.5252167243
19157,"Poweshiek ",17.7139216363033
19097,"Jackson ",18.1576871988967
19023,"Butler ",13.4900823261433
19129,"Mills ",13.9551883562467
19059,"Dickinson ",14.7005230039067
19093,"Ida ",5.83970939822
19033,"Cerro Gordo ",40.47442541321
19007,"Appanoose ",11.4066194472
19149,"Plymouth ",20.7616133201367
19061,"Dubuque ",88.7161832752467
19075,"Grundy ",9.80854295016333
19079,"Hamilton ",13.4356132428
19047,"Crawford ",14.46977585085
19131,"Mitchell ",9.68090614686333
19105,"Jones ",18.2163459948467
19107,"Keokuk ",9.97853927042333
19135,"Monroe ",6.54635264204333
19155,"Pottawattamie ",86.6440461537333
16023,"Butte ",0
16077,"Power ",0
16067,"Minidoka ",0
16003,"Adams ",0
16007,"Bear Lake ",0
16065,"Madison ",0
16063,"Lincoln ",0
16043,"Fremont ",0
16039,"Elmore ",0
16051,"Jefferson ",0
16071,"Oneida ",0
16057,"Latah ",0
16017,"Bonner ",0
16083,"Twin Falls ",0
16009,"Benewah ",0
16035,"Clearwater ",0
16033,"Clark ",0
16045,"Gem ",0
16027,"Canyon ",0
16013,"Blaine ",0
16015,"Boise ",0
16031,"Cassia ",0
16073,"Owyhee ",0
16053,"Jerome ",0
16001,"Ada ",0
16005,"Bannock ",0
16047,"Gooding ",0
16019,"Bonneville ",0
16069,"Nez Perce ",0
16041,"Franklin ",0
16021,"Boundary ",0
16085,"Valley ",0
16011,"Bingham ",0
16087,"Washington ",0
16075,"Payette ",0
16025,"Camas ",0
16059,"Lemhi ",0
16079,"Shoshone ",0
16061,"Lewis ",0
16055,"Kootenai ",0
16049,"Idaho ",0
16081,"Teton ",0
16037,"Custer ",0
16029,"Caribou ",0
17135,"Montgomery ",2703.49062258191
17061,"Greene ",1234.14673893655
17131,"Mercer ",1313.24488696601
17161,"Rock Island ",13116.1991375118
17065,"Hamilton ",636.195464749177
17175,"Stark ",502.288741262132
17111,"McHenry ",29862.3908535298
17043,"DuPage ",86767.3263596869
17107,"Logan ",2778.33170402736
17085,"Jo Daviess ",1864.06071685116
17051,"Fayette ",1912.64680286435
17013,"Calhoun ",409.176977852585
17037,"DeKalb ",10417.5810052701
17071,"Henderson ",568.981241996227
17031,"Cook ",476775.852021255
17191,"Wayne ",1350.16568508974
17149,"Pike ",1405.09919619707
17167,"Sangamon ",17804.1872864906
17203,"Woodford ",2940.99907681106
17123,"Marshall ",1023.80022041191
17157,"Randolph ",3369.32359979913
17001,"Adams ",5721.80635760195
17139,"Moultrie ",1133.21030205574
17109,"McDonough ",3265.27881022504
17193,"White ",1326.16415859923
17011,"Bureau ",2944.37928022369
17113,"McLean ",16495.3880263948
17015,"Carroll ",1335.04615784707
17019,"Champaign ",20492.3918009635
17055,"Franklin ",3506.97839277862
17177,"Stephenson ",4098.98365548723
17053,"Ford ",1159.31028473739
17075,"Iroquois ",2319.86876916069
17169,"Schuyler ",619.413599277909
17147,"Piatt ",1370.52325512926
17005,"Bond ",1655.80802727138
17041,"Douglas ",1903.57045927245
17023,"Clark ",1461.65571393956
17143,"Peoria ",16647.7181309734
17035,"Cumberland ",953.842040610785
17153,"Pulaski ",557.136648313156
17079,"Jasper ",799.942142729317
17017,"Cass ",1245.1283511871
17163,"St. Clair ",23646.3483200166
17007,"Boone ",4506.72618699086
17105,"Livingston ",3266.23896382959
17199,"Williamson ",5509.11382520981
17117,"Macoupin ",4501.85948070854
17009,"Brown ",708.608398705537
17091,"Kankakee ",10164.940298871
17195,"Whiteside ",5109.3660184785
17179,"Tazewell ",12071.818082427
17063,"Grundy ",4587.0736915178
17125,"Mason ",1433.77077100271
17159,"Richland ",1359.86323649566
17029,"Coles ",5223.39409191672
17095,"Knox ",4658.95449215116
17069,"Hardin ",371.673146696695
17057,"Fulton ",3326.76334526315
17189,"Washington ",1219.24700589251
17027,"Clinton ",2866.8462982508
17045,"Edgar ",1535.5840710549
17093,"Kendall ",9150.18518813852
17145,"Perry ",1934.60192968445
17047,"Edwards ",497.823448595207
17081,"Jefferson ",3406.21779125671
17077,"Jackson ",6383.43432475588
17021,"Christian ",2972.06640838178
17187,"Warren ",1552.31503681701
17103,"Lee ",3325.44689369451
17127,"Massac ",1281.93115453051
17115,"Macon ",9694.46156220862
17083,"Jersey ",1644.87962835313
17201,"Winnebago ",26122.11248702
17089,"Kane ",45069.5812771099
17073,"Henry ",4206.32535804078
17099,"LaSalle ",14.4601446467803
17121,"Marion ",4057.08625398186
17119,"Madison ",24775.6879305533
17181,"Union ",1503.56815399536
17137,"Morgan ",3164.02656378514
17185,"Wabash ",1007.1675836334
17059,"Gallatin ",487.549805026562
17151,"Pope ",289.386825975513
17183,"Vermilion ",7001.77324608364
17141,"Ogle ",4454.99125987939
17003,"Alexander ",701.254547543971
17067,"Hancock ",1668.21830181303
17087,"Johnson ",1208.17516233936
17171,"Scott ",411.977618667773
17173,"Shelby ",1846.65185950801
17129,"Menard ",1114.22124010558
17165,"Saline ",2136.5187622858
17197,"Will ",60111.6576714321
17049,"Effingham ",2982.79583570969
17039,"De Witt ",1438.07063961488
17097,"Lake ",65211.1422054648
17025,"Clay ",1125.11724829983
17033,"Crawford ",1811.55535323292
17133,"Monroe ",2875.93768039312
17101,"Lawrence ",1805.92862174796
17155,"Putnam ",528.081012065701
18135,"Randolph ",6.962067804555
18149,"Starke ",5.680955979855
18087,"LaGrange ",0.0442984725
18075,"Jay ",5.648911680885
18003,"Allen ",95.53202548023
18059,"Hancock ",19.917307223145
18067,"Howard ",22.38758982717
18047,"Franklin ",4.56089081763
18103,"Miami ",10.355911021185
18119,"Owen ",6.48944132127
18147,"Spencer ",5.64059225403
18159,"Tipton ",3.955327224165
18033,"DeKalb ",0.0442984725
18137,"Ripley ",9.03262878786
18141,"St. Joseph ",76.11574787862
18157,"Tippecanoe ",53.460308640375
18183,"Whitley ",9.938223329775
18019,"Clark ",31.8860405055
18035,"Delaware ",33.896157525975
18027,"Daviess ",7.4039945778
18053,"Grant ",19.094627261385
18005,"Bartholomew ",20.67035867211
18009,"Blackford ",3.391847179575
18045,"Fountain ",5.31883247052
18099,"Marshall ",12.16907877012
18153,"Sullivan ",6.139578934245
18039,"Elkhart ",51.814973037585
18121,"Parke ",4.549308938565
18023,"Clinton ",9.020421518595
18041,"Fayette ",6.335291322945
18125,"Pike ",3.29810640018
18061,"Harrison ",11.135581509135
18107,"Montgomery ",10.370162968965
18079,"Jennings ",7.258297770345
18177,"Wayne ",18.65426743803
18101,"Martin ",3.29189419086
18011,"Boone ",15.08078783523
18025,"Crawford ",3.10336684068
18085,"Kosciusko ",20.27652266805
18171,"Warren ",1.544969161665
18173,"Warrick ",16.01230306374
18063,"Hendricks ",34.736435273085
18013,"Brown ",3.691954564605
18181,"White ",7.06102016895
18073,"Jasper ",9.717554397705
18163,"Vanderburgh ",51.34365987372
18015,"Carroll ",4.32950339241
18097,"Marion ",264.06462602118
18069,"Huntington ",10.747405286385
18021,"Clay ",7.24435330608
18161,"Union ",2.077294351125
18143,"Scott ",7.211838227265
18089,"Lake ",134.94418537203
18049,"Fulton ",5.38204552218
18179,"Wells ",7.26841693122
18105,"Monroe ",44.37452342271
18139,"Rush ",4.4088966783
18165,"Vermillion ",4.22018518545
18077,"Jefferson ",8.752309791075
18151,"Steuben ",9.62872640577
18123,"Perry ",5.35597369962
18057,"Hamilton ",72.67752627852
18051,"Gibson ",8.99897237193
18081,"Johnson ",39.444939024255
18091,"LaPorte ",0.0442984725
18055,"Greene ",8.75505629637
18111,"Newton ",2.98718671347
18095,"Madison ",35.81415456999
18017,"Cass ",10.168950620895
18001,"Adams ",8.324490778425
18113,"Noble ",12.35841217878
18117,"Orange ",5.057028498045
18109,"Morgan ",16.671247185165
18155,"Switzerland ",2.612989698885
18169,"Wabash ",8.743926088005
18115,"Ohio ",1.55104065819
18037,"Dubois ",11.254329210555
18131,"Pulaski ",3.58093911813
18175,"Washington ",7.214847049005
18065,"Henry ",13.834577995275
18043,"Floyd ",20.301109188885
18007,"Benton ",2.53177409544
18083,"Knox ",10.708106461095
18129,"Posey ",6.26261924451
18167,"Vigo ",30.473775669885
18145,"Shelby ",11.29011716475
18031,"Decatur ",7.083535953345
18029,"Dearborn ",13.879804129905
18071,"Jackson ",11.866662652935
18133,"Putnam ",11.740445013015
18093,"Lawrence ",12.64679349756
18127,"Porter ",44.27115684582
20105,"Lincoln ",1.746094407885
20081,"Haskell ",2.38367531925
20057,"Ford ",20.33418286566
20133,"Neosho ",9.707571752445
20109,"Logan ",1.76095892502
20101,"Lane ",0.9667715499
20127,"Morris ",3.222470471895
20157,"Republic ",2.584347189705
20111,"Lyon ",22.042094367465
20173,"Sedgwick ",311.03306625546
20135,"Ness ",1.796188132935
20031,"Coffey ",5.05726118145
20125,"Montgomery ",21.64322419317
20151,"Pratt ",5.52849429339
20051,"Ellis ",18.94218191937
20179,"Sheridan ",1.226015912925
20021,"Cherokee ",12.362909059215
20079,"Harvey ",21.35360528568
20165,"Rush ",1.968605150805
20209,"Wyandotte ",99.94166542476
20159,"Rice ",6.090185967615
20015,"Butler ",40.87545891669
20119,"Meade ",2.640326971905
20013,"Brown ",5.745070966005
20053,"Ellsworth ",3.8924086932
20055,"Finney ",22.08600150858
20099,"Labette ",12.918663106605
20181,"Sherman ",3.588718374765
20147,"Phillips ",3.171025265445
20107,"Linn ",5.56418407194
20117,"Marshall ",5.9044088448
20153,"Rawlins ",1.3095854766
20067,"Grant ",4.604623386615
20097,"Kiowa ",1.623643079985
20177,"Shawnee ",110.4465809727
20167,"Russell ",4.03082528427
20003,"Anderson ",4.644758827665
20035,"Cowley ",22.03315858584
20019,"Chautauqua ",1.878251506155
20037,"Crawford ",25.961173479135
20065,"Graham ",1.33130164878
20047,"Edwards ",1.749281058765
20187,"Stanton ",1.25667853632
20061,"Geary ",18.456461282475
20049,"Elk ",1.46928789972
20197,"Wabaunsee ",3.80908275183
20201,"Washington ",3.33095708475
20191,"Sumner ",13.501567704015
20033,"Comanche ",1.028870341965
20075,"Hamilton ",1.623483036135
20095,"Kingman ",4.10166424881
20189,"Stevens ",3.259259218215
20115,"Marion ",6.8022548433
20073,"Greenwood ",3.988557703485
20063,"Gove ",1.580111152785
20131,"Nemaha ",5.6408699718
20207,"Woodson ",1.942429090005
20011,"Bourbon ",8.63396381961
20169,"Saline ",33.92426015352
20001,"Allen ",7.75125796932
20089,"Jewell ",1.529483948235
20123,"Mitchell ",3.87797629446
20069,"Gray ",3.85270359228
20203,"Wichita ",1.24589869389
20113,"McPherson ",17.862140223765
20143,"Ottawa ",3.418737579945
20071,"Greeley ",0.694695226635
20077,"Harper ",3.34053482004
20009,"Barton ",16.550328359385
20103,"Leavenworth ",45.772030737945
20183,"Smith ",2.11119888636
20145,"Pawnee ",4.255521514875
20007,"Barber ",2.875121969445
20155,"Reno ",38.673264432015
20163,"Rooks ",3.04607547522
20087,"Jefferson ",11.700690286275
20093,"Kearny ",2.223352281645
20185,"Stafford ",2.39169885093
20059,"Franklin ",16.40380110165
20085,"Jackson ",8.03737725129
20205,"Wilson ",5.083442577045
20029,"Cloud ",5.6935777464
20141,"Osborne ",2.146029762915
20027,"Clay ",4.733383998735
20043,"Doniphan ",4.96584413433
20091,"Johnson ",349.369427713635
20175,"Seward ",13.72306305762
20149,"Pottawatomie ",11.166378558255
20129,"Morton ",1.94788302876
20199,"Wallace ",0.85356008694
20023,"Cheyenne ",1.448597786445
20039,"Decatur ",1.615231886535
20025,"Clark ",1.13200082064
20083,"Hodgeman ",0.954037394235
20017,"Chase ",1.396345247685
20005,"Atchison ",10.096976222145
20139,"Osage ",10.03693666095
20193,"Thomas ",4.957544971575
20171,"Scott ",2.96723076165
20041,"Dickinson ",11.60063264952
20121,"Miami ",17.52774993837
20161,"Riley ",58.83394375989
20195,"Trego ",1.583372490795
20045,"Douglas ",81.29276919531
20137,"Norton ",3.48436444977
21063,"Elliott ",5.7586483323504
21149,"McLean ",9.2938002576768
21187,"Owen ",9.0197982695976
21007,"Ballard ",5.9850533407176
21169,"Metcalfe ",10.460858076492
21163,"Meade ",20.0251474201608
21035,"Calloway ",39.432829021896
21167,"Mercer ",20.9977313294064
21185,"Oldham ",53.6268214606488
21013,"Bell ",28.4320383320736
21069,"Fleming ",14.3172021204264
21089,"Greenup ",32.8160920149528
21143,"Lyon ",8.2635531324768
21041,"Carroll ",9.8879969276568
21199,"Pulaski ",63.0333758134632
21239,"Woodford ",25.5107255803032
21037,"Campbell ",92.574397524492
21131,"Leslie ",11.1877488263088
21179,"Nelson ",45.4407271629864
21165,"Menifee ",6.2893677803064
21017,"Bourbon ",18.2129011670712
21177,"Muhlenberg ",30.7765614342936
21157,"Marshall ",29.711189662944
21001,"Adair ",17.0843846526
21203,"Rockcastle ",15.2614422032424
21195,"Pike ",64.1630297557584
21095,"Harlan ",29.2359941916888
21043,"Carter ",28.4917401686664
21205,"Rowan ",25.481817414684
21155,"Marion ",19.5362284447368
21067,"Fayette ",324.195321788376
21123,"Larue ",10.26605168802
21129,"Lee ",8.1314977621104
21075,"Fulton ",7.7221768607544
21015,"Boone ",121.594577910744
21093,"Hardin ",117.622513709885
21235,"Whitley ",50.4596318111088
21081,"Grant ",27.5956089080832
21117,"Kenton ",159.264271313213
21215,"Spencer ",15.8884624153896
21207,"Russell ",16.5253213782144
21191,"Pendleton ",13.5136968572184
21061,"Edmonson ",6.8581341889752
21119,"Knott ",13.7548578042408
21009,"Barren ",38.3912994876264
21077,"Gallatin ",7.4712559080576
21065,"Estill ",14.580337298064
21173,"Montgomery ",26.2249646329392
21051,"Clay ",22.8630823377096
21053,"Clinton ",9.8275907607576
21097,"Harrison ",18.2595357078552
21229,"Washington ",10.8017758184016
21057,"Cumberland ",6.376770359136
21055,"Crittenden ",8.0540214284064
21023,"Bracken ",9.3764256396456
21021,"Boyle ",28.9307873087304
21087,"Green ",9.9374837874456
21099,"Hart ",18.913696697772
21197,"Powell ",12.378298904412
21039,"Carlisle ",4.5757146459456
21227,"Warren ",127.494796634681
21159,"Martin ",13.5423337900488
21105,"Hickman ",3.3640871553192
21213,"Simpson ",16.511908479336
21083,"Graves ",37.1278665343392
21101,"Henderson ",45.4350094008096
21161,"Mason ",16.7067717391992
21019,"Boyd ",52.9099094526264
21141,"Logan ",26.988165578676
21231,"Wayne ",19.5462859315344
21217,"Taylor ",25.3565778618168
21031,"Butler ",11.754463490172
21137,"Lincoln ",25.4778670403568
21153,"Magoffin ",13.3331783121048
21125,"Laurel ",50.9359122135192
21151,"Madison ",92.716072909416
21033,"Caldwell ",12.3835879437936
21133,"Letcher ",26.8327885631952
21103,"Henry ",17.0382007082232
21211,"Shelby ",38.1841257589296
21025,"Breathitt ",13.0621423858128
21193,"Perry ",32.6297069671008
21115,"Johnson ",23.1280155262536
21225,"Union ",15.4498921200672
21233,"Webster ",14.103186325896
21139,"Livingston ",9.5641537272744
21113,"Jessamine ",47.8782131162064
21091,"Hancock ",8.5861539116976
21175,"Morgan ",14.06538872436
21045,"Casey ",13.084488467832
21027,"Breckinridge ",17.3638375447896
21121,"Knox ",24.3330196871664
21107,"Hopkins ",46.3204313409576
21171,"Monroe ",10.9560197807808
21003,"Allen ",18.76394995002
21071,"Floyd ",41.2705711571328
21147,"McCreary ",18.7049043217872
21047,"Christian ",79.2799617539616
21219,"Todd ",11.014063597584
21029,"Bullitt ",59.4994706840208
21059,"Daviess ",95.4409081287576
21011,"Bath ",11.6419412553216
21223,"Trimble ",8.60048550228
21049,"Clark ",35.0261623989312
21127,"Lawrence ",15.6405337728144
21085,"Grayson ",26.9821459606536
21111,"Jefferson ",776.135223736306
21005,"Anderson ",21.0174482032632
21109,"Jackson ",13.4698971365496
21183,"Ohio ",21.3909313787184
21073,"Franklin ",51.39708232476
21237,"Wolfe ",7.9668813329208
21201,"Robertson ",1.9399575241128
21189,"Owsley ",5.178861997956
21221,"Trigg ",12.6463293964152
21135,"Lewis ",13.1784750038736
21209,"Scott ",48.2999932269576
21079,"Garrard ",13.776613298736
21181,"Nicholas ",6.9756567315288
21145,"McCracken ",64.655028535752
22067,"Morehouse ",175.688975074405
22027,"Claiborne ",175.688975074405
22023,"Cameron ",175.688975074405
22011,"Beauregard ",175.688975074405
22071,"Orleans ",175.688975074405
22077,"Pointe Coupee ",175.688975074405
22055,"Lafayette ",175.688975074405
22089,"St. Charles ",175.688975074405
22059,"La Salle ",175.688975074405
22031,"De Soto ",175.688975074405
22025,"Catahoula ",175.688975074405
22017,"Caddo ",175.688975074405
22097,"St. Landry ",175.688975074405
22117,"Washington ",175.688975074405
22073,"Ouachita ",175.688975074405
22043,"Grant ",175.688975074405
22047,"Iberville ",175.688975074405
22041,"Franklin ",175.688975074405
22069,"Natchitoches ",175.688975074405
22079,"Rapides ",175.688975074405
22113,"Vermilion ",175.688975074405
22001,"Acadia ",175.688975074405
22085,"Sabine ",175.688975074405
22065,"Madison ",175.688975074405
22005,"Ascension ",175.688975074405
22037,"East Feliciana ",175.688975074405
22081,"Red River ",175.688975074405
22019,"Calcasieu ",175.688975074405
22021,"Caldwell ",175.688975074405
22105,"Tangipahoa ",175.688975074405
22121,"West Baton Rouge ",175.688975074405
22083,"Richland ",175.688975074405
22101,"St. Mary ",175.688975074405
22029,"Concordia ",175.688975074405
22033,"East Baton Rouge ",175.688975074405
22111,"Union ",175.688975074405
22003,"Allen ",175.688975074405
22119,"Webster ",175.688975074405
22035,"East Carroll ",175.688975074405
22057,"Lafourche ",175.688975074405
22039,"Evangeline ",175.688975074405
22007,"Assumption ",175.688975074405
22087,"St. Bernard ",175.688975074405
22127,"Winn ",175.688975074405
22093,"St. James ",175.688975074405
22115,"Vernon ",175.688975074405
22049,"Jackson ",175.688975074405
22109,"Terrebonne ",175.688975074405
22063,"Livingston ",175.688975074405
22099,"St. Martin ",175.688975074405
22009,"Avoyelles ",175.688975074405
22061,"Lincoln ",175.688975074405
22053,"Jefferson Davis ",175.688975074405
22013,"Bienville ",175.688975074405
22045,"Iberia ",175.688975074405
22095,"St. John the Baptist ",175.688975074405
22075,"Plaquemines ",175.688975074405
22123,"West Carroll ",175.688975074405
22103,"St. Tammany ",175.688975074405
22107,"Tensas ",175.688975074405
22125,"West Feliciana ",175.688975074405
22091,"St. Helena ",175.688975074405
22015,"Bossier ",175.688975074405
22051,"Jefferson ",175.688975074405
25015,"Hampshire ",29.1710101049625
25005,"Bristol ",90.7387471196
25003,"Berkshire ",21.147422761425
25011,"Franklin ",11.9990349461375
25013,"Hampden ",74.9635818309375
25023,"Plymouth ",79.6042278562875
25025,"Suffolk ",134.362836518462
25027,"Worcester ",132.710459453725
25019,"Nantucket ",1.75205111175
25001,"Barnstable ",32.7368485036375
25021,"Norfolk ",112.7360746764
25009,"Essex ",121.37100344295
25007,"Dukes ",2.7677269308125
25017,"Middlesex ",255.151472540487
24015,"Cecil ",452.85213440177
24011,"Caroline ",149.863476031378
24045,"Wicomico ",450.695177970816
24033,"Prince George's ",0.709139420464286
24001,"Allegany ",350.307968440985
24027,"Howard ",1338.74230329421
24031,"Montgomery ",4434.48649746341
24009,"Calvert ",403.924529628215
24013,"Carroll ",702.333171034486
24029,"Kent ",105.336742108507
24005,"Baltimore ",3567.24796098484
24043,"Washington ",651.645113690191
24047,"Worcester ",213.358758822506
24510,"Baltimo ",0.709139420464286
24023,"Garrett ",119.411037770237
24025,"Harford ",1091.5175212239
24019,"Dorchester ",137.040150700063
24017,"Charles ",667.092366552722
24021,"Frederick ",1109.14512653448
24037,"St. Mary's ",0.709139420464286
24041,"Talbot ",150.479515310604
24039,"Somerset ",131.220517081286
24003,"Anne Arundel ",2383.0472017745
24035,"Queen Anne's ",0.709139420464286
23017,"Oxford ",0
23027,"Waldo ",0
23019,"Penobscot ",0
23023,"Sagadahoc ",0
23021,"Piscataquis ",0
23013,"Knox ",0
23007,"Franklin ",0
23011,"Kennebec ",0
23029,"Washington ",0
23003,"Aroostook ",0
23015,"Lincoln ",0
23005,"Cumberland ",0
23031,"York ",0
23025,"Somerset ",0
23009,"Hancock ",0
23001,"Androscoggin ",0
26101,"Manistee ",9.62017333893
26067,"Ionia ",25.661706887514
26011,"Arenac ",6.77505560319
26099,"Macomb ",335.82490303107
26097,"Mackinac ",3.835455377172
26003,"Alger ",3.813069542874
26087,"Lapeer ",33.270726466596
26163,"Wayne ",717.849449644398
26141,"Presque Isle ",5.330398656948
26165,"Wexford ",13.289152058256
26071,"Iron ",4.225644529104
26161,"Washtenaw ",151.711688422392
26025,"Calhoun ",53.142579146166
26005,"Allegan ",37.948084729728
26109,"Menominee ",8.883955715052
26065,"Ingham ",130.176846944124
26155,"Shiawassee ",29.50132881282
26079,"Kalkaska ",6.642679993506
26069,"Iosco ",9.718869679686
26113,"Missaukee ",4.833428405298
26049,"Genesee ",171.960647213916
26021,"Berrien ",64.780595584758
26077,"Kalamazoo ",102.586343619528
26157,"Tuscola ",22.79227968882
26045,"Eaton ",46.45902204372
26117,"Montcalm ",25.92816887499
26103,"Marquette ",28.4972971428
26029,"Charlevoix ",10.21953345603
26085,"Lake ",3.64634060586
26131,"Ontonagon ",2.502849800142
26145,"Saginaw ",77.9773228047
26057,"Gratiot ",18.408609853998
26133,"Osceola ",10.132079305698
26093,"Livingston ",59.818114559442
26063,"Huron ",12.308554757826
26035,"Clare ",12.872706163542
26001,"Alcona ",3.601568937264
26023,"Branch ",17.736262220106
26007,"Alpena ",11.343035079546
26151,"Sanilac ",16.091453288952
26019,"Benzie ",5.838335168682
26043,"Dickinson ",9.981310967922
26017,"Bay ",41.100604631676
26083,"Keweenaw ",0.69940457466
26107,"Mecosta ",17.280981100968
26149,"St. Joseph ",23.393062818102
26143,"Roscommon ",9.81308806521
26135,"Oscoda ",2.55138988881
26073,"Isabella ",31.173927871074
26047,"Emmet ",13.49979333795
26137,"Otsego ",9.091857400656
26153,"Schoolcraft ",3.314136243948
26061,"Houghton ",15.30676258806
26051,"Gladwin ",9.731325963606
26015,"Barry ",18.937339687782
26031,"Cheboygan ",8.294631578604
26129,"Ogemaw ",7.042597660854
26139,"Ottawa ",106.992923556294
26111,"Midland ",31.530031742292
26037,"Clinton ",21.791858764392
26059,"Hillsdale ",17.950478768634
26055,"Grand Traverse ",37.461773272926
26027,"Cass ",16.367884245426
26121,"Muskegon ",68.039273772228
26119,"Montmorency ",3.990193169982
26041,"Delta ",14.567450602512
26095,"Luce ",2.744694859428
26159,"Van Buren ",31.185402631356
26009,"Antrim ",8.33500807107
26039,"Crawford ",4.487285619354
26033,"Chippewa ",16.347678260814
26105,"Mason ",10.558872588162
26075,"Jackson ",64.2103697697
26013,"Baraga ",3.184661844696
26125,"Oakland ",495.98908277958
26127,"Oceana ",10.218831804594
26147,"St. Clair ",64.896182804184
26115,"Monroe ",58.04862847509
26091,"Lenawee ",39.4734118818
26123,"Newaygo ",15.877138193874
26081,"Kent ",246.567792322614
26053,"Gogebic ",6.470440333416
26089,"Leelanau ",5.806122272418
27111,"Otter Tail ",0
27083,"Lyon ",0
27043,"Faribault ",0
27159,"Wadena ",0
27065,"Kanabec ",0
27131,"Rice ",0
27031,"Cook ",0
27095,"Mille Lacs ",0
27121,"Pope ",0
27011,"Big Stone ",0
27165,"Watonwan ",0
27073,"Lac qui Parle ",0
27167,"Wilkin ",0
27133,"Rock ",0
27171,"Wright ",0
27017,"Carlton ",0
27027,"Clay ",0
27087,"Mahnomen ",0
27117,"Pipestone ",0
27105,"Nobles ",0
27085,"McLeod ",0
27041,"Douglas ",0
27023,"Chippewa ",0
27109,"Olmsted ",0
27089,"Marshall ",0
27135,"Roseau ",0
27101,"Murray ",0
27071,"Koochiching ",0
27143,"Sibley ",0
27039,"Dodge ",0
27123,"Ramsey ",0
27113,"Pennington ",0
27097,"Morrison ",0
27001,"Aitkin ",0
27141,"Sherburne ",0
27079,"Le Sueur ",0
27155,"Traverse ",0
27063,"Jackson ",0
27067,"Kandiyohi ",0
27099,"Mower ",0
27145,"Stearns ",0
27059,"Isanti ",0
27045,"Fillmore ",0
27053,"Hennepin ",0
27173,"Yellow Medicine ",0
27077,"Lake of the Woods ",0
27149,"Stevens ",0
27019,"Carver ",0
27075,"Lake ",0
27003,"Anoka ",0
27007,"Beltrami ",0
27137,"St. Louis ",0
27029,"Clearwater ",0
27057,"Hubbard ",0
27163,"Washington ",0
27151,"Swift ",0
27129,"Renville ",0
27049,"Goodhue ",0
27037,"Dakota ",0
27107,"Norman ",0
27161,"Waseca ",0
27139,"Scott ",0
27169,"Winona ",0
27081,"Lincoln ",0
27035,"Crow Wing ",0
27051,"Grant ",0
27069,"Kittson ",0
27093,"Meeker ",0
27047,"Freeborn ",0
27157,"Wabasha ",0
27005,"Becker ",0
27015,"Brown ",0
27119,"Polk ",0
27147,"Steele ",0
27127,"Redwood ",0
27021,"Cass ",0
27061,"Itasca ",0
27091,"Martin ",0
27013,"Blue Earth ",0
27125,"Red Lake ",0
27153,"Todd ",0
27115,"Pine ",0
27025,"Chisago ",0
27033,"Cottonwood ",0
27055,"Houston ",0
27009,"Benton ",0
27103,"Nicollet ",0
29089,"Howard ",8.95488920108537
29155,"Pemiscot ",15.506668495284
29129,"Mercer ",2.84197636847985
29019,"Boone ",174.285950065374
29229,"Wright ",18.6666012121851
29105,"Laclede ",32.6396722061591
29075,"Gentry ",5.83391296053765
29211,"Sullivan ",6.32174395052169
29213,"Taney ",48.0383019065335
29033,"Carroll ",8.32654944201441
29001,"Adair ",26.453095829038
29085,"Hickory ",7.7076932488314
29139,"Montgomery ",11.7342751050847
29149,"Oregon ",8.98434070395294
29163,"Pike ",17.3676630957074
29133,"Mississippi ",14.214356030369
29087,"Holt ",4.35768246981051
29121,"Macon ",13.5598936499103
29071,"Franklin ",103.890179041315
29029,"Camden ",39.3193618980563
29186,"Ste. Genevieve ",14.9075019403074
29113,"Lincoln ",46.822762439735
29119,"McDonald ",20.4341569994948
29185,"St. Clair ",7.29615358601022
29007,"Audrain ",21.5020054480971
29199,"Scotland ",3.86938051267176
29169,"Pulaski ",57.9918501996752
29141,"Morgan ",18.3277296405753
29039,"Cedar ",11.5470817167876
29013,"Bates ",14.0665098070877
29179,"Reynolds ",5.41297536222029
29097,"Jasper ",124.988346209951
29195,"Saline ",22.0013430219745
29023,"Butler ",37.7674823081045
29027,"Callaway ",42.8287897070456
29143,"New Madrid ",14.8871540184643
29115,"Linn ",12.0504171595805
29003,"Andrew ",11.2642980517836
29047,"Clay ",218.529562568452
29021,"Buchanan ",88.2965100679985
29223,"Wayne ",12.8551769332847
29009,"Barry ",33.6860327783279
29181,"Ripley ",12.5968889122249
29221,"Washington ",22.2051219467765
29127,"Marion ",27.8438778925829
29217,"Vernon ",18.213916146121
29043,"Christian ",71.4773042796446
29069,"Dunklin ",28.2106542681091
29057,"Dade ",6.84903984731029
29157,"Perry ",17.0609939033005
29225,"Webster ",36.677873036195
29123,"Madison ",11.1958686649646
29011,"Barton ",10.1868375917057
29053,"Cooper ",16.6409607759962
29051,"Cole ",74.7977939811046
29091,"Howell ",35.948912214901
29101,"Johnson ",51.6095762659749
29117,"Livingston ",13.6170251769158
29201,"Scott ",39.0945178968801
29153,"Ozark ",9.68767663051132
29107,"Lafayette ",30.607721880477
29183,"St. Charles ",347.191693420586
29077,"Greene ",270.635629197778
29041,"Chariton ",5.72381368432618
29061,"Daviess ",6.95173209463412
29197,"Schuyler ",3.26111572857015
29203,"Shannon ",6.68976196672846
29125,"Maries ",6.62428682842537
29145,"Newton ",35.524394195828
29063,"DeKalb ",7.03533946839338
29151,"Osage ",10.9569331124437
29137,"Monroe ",8.27531570824169
29175,"Randolph ",25.9592064888366
29073,"Gasconade ",14.6339717095135
29109,"Lawrence ",31.7223566343797
29135,"Moniteau ",13.3713676386413
29055,"Crawford ",20.683384254726
29045,"Clark ",5.78672526277581
29065,"Dent ",13.7400011232889
29173,"Ralls ",6.51073557704588
29207,"Stoddard ",27.8006880637366
29147,"Nodaway ",24.5167036686658
29167,"Polk ",28.4139622257565
29031,"Cape Girardeau ",72.2063667870288
29177,"Ray ",18.9086248107091
29111,"Lewis ",9.59268576654684
29161,"Phelps ",45.6861795460431
29165,"Platte ",86.259593179594
29215,"Texas ",22.9634700481443
29093,"Iron ",10.2570170496564
29227,"Worth ",1.89907336526125
29095,"Jackson ",649.416695254333
29035,"Carter ",6.28988944478522
29059,"Dallas ",15.3273477511297
29049,"Clinton ",24.792872385906
29067,"Douglas ",9.48864484055272
29015,"Benton ",16.1580160702422
29103,"Knox ",3.47806567800551
29005,"Atchison ",4.91412481119603
29187,"St. Francois ",65.6922488095082
29025,"Caldwell ",8.54736881477765
29159,"Pettis ",37.7342737717982
29099,"Jefferson ",187.476578706497
29205,"Shelby ",6.03014570706544
29017,"Bollinger ",10.2395323940379
29131,"Miller ",20.369313385331
29079,"Grundy ",8.50430743151897
29081,"Harrison ",7.63488600823346
29083,"Henry ",21.3498616495291
29171,"Putnam ",4.06461245399581
29510,"St. Lou ",0.151993945382353
29209,"Stone ",24.4968053063795
29037,"Cass ",89.270930407286
29189,"St. Louis ",966.473276982289
29219,"Warren ",29.3547886919748
69100,"Rota Munic ",NA
69085,"Northern Islands Munic ",NA
69120,"Tinian Munic ",NA
69110,"Saipan Munic ",NA
28013,"Calhoun ",0
28033,"DeSoto ",0
28091,"Marion ",0
28117,"Prentiss ",0
28119,"Quitman ",0
28099,"Neshoba ",0
28039,"George ",0
28133,"Sunflower ",0
28127,"Simpson ",0
28109,"Pearl River ",0
28045,"Hancock ",0
28037,"Franklin ",0
28071,"Lafayette ",0
28161,"Yalobusha ",0
28151,"Washington ",0
28021,"Claiborne ",0
28153,"Wayne ",0
28079,"Leake ",0
28025,"Clay ",0
28001,"Adams ",0
28101,"Newton ",0
28081,"Lee ",0
28085,"Lincoln ",0
28041,"Greene ",0
28055,"Issaquena ",0
28141,"Tishomingo ",0
28123,"Scott ",0
28147,"Walthall ",0
28145,"Union ",0
28143,"Tunica ",0
28111,"Perry ",0
28155,"Webster ",0
28049,"Hinds ",0
28029,"Copiah ",0
28083,"Leflore ",0
28137,"Tate ",0
28035,"Forrest ",0
28159,"Winston ",0
28093,"Marshall ",0
28125,"Sharkey ",0
28009,"Benton ",0
28059,"Jackson ",0
28065,"Jefferson Davis ",0
28097,"Montgomery ",0
28057,"Itawamba ",0
28043,"Grenada ",0
28061,"Jasper ",0
28149,"Warren ",0
28053,"Humphreys ",0
28005,"Amite ",0
28139,"Tippah ",0
28135,"Tallahatchie ",0
28073,"Lamar ",0
28015,"Carroll ",0
28047,"Harrison ",0
28023,"Clarke ",0
28107,"Panola ",0
28075,"Lauderdale ",0
28103,"Noxubee ",0
28031,"Covington ",0
28105,"Oktibbeha ",0
28113,"Pike ",0
28069,"Kemper ",0
28017,"Chickasaw ",0
28063,"Jefferson ",0
28121,"Rankin ",0
28115,"Pontotoc ",0
28089,"Madison ",0
28163,"Yazoo ",0
28077,"Lawrence ",0
28027,"Coahoma ",0
28095,"Monroe ",0
28087,"Lowndes ",0
28129,"Smith ",0
28051,"Holmes ",0
28011,"Bolivar ",0
28019,"Choctaw ",0
28131,"Stone ",0
28003,"Alcorn ",0
28067,"Jones ",0
28007,"Attala ",0
28157,"Wilkinson ",0
30057,"Madison ",0
30111,"Yellowstone ",0
30049,"Lewis and Clark ",0
30039,"Granite ",0
30071,"Phillips ",0
30003,"Big Horn ",0
30079,"Prairie ",0
30007,"Broadwater ",0
30061,"Mineral ",0
30107,"Wheatland ",0
30041,"Hill ",0
30091,"Sheridan ",0
30101,"Toole ",0
30011,"Carter ",0
30103,"Treasure ",0
30035,"Glacier ",0
30005,"Blaine ",0
30093,"Silver Bow ",0
30053,"Lincoln ",0
30059,"Meagher ",0
30095,"Stillwater ",0
30033,"Garfield ",0
30069,"Petroleum ",0
30109,"Wibaux ",0
30027,"Fergus ",0
30105,"Valley ",0
30013,"Cascade ",0
30025,"Fallon ",0
30029,"Flathead ",0
30077,"Powell ",0
30085,"Roosevelt ",0
30017,"Custer ",0
30065,"Musselshell ",0
30023,"Deer Lodge ",0
30073,"Pondera ",0
30089,"Sanders ",0
30055,"McCone ",0
30097,"Sweet Grass ",0
30021,"Dawson ",0
30099,"Teton ",0
30081,"Ravalli ",0
30083,"Richland ",0
30047,"Lake ",0
30087,"Rosebud ",0
30019,"Daniels ",0
30009,"Carbon ",0
30063,"Missoula ",0
30045,"Judith Basin ",0
30051,"Liberty ",0
30031,"Gallatin ",0
30015,"Chouteau ",0
30037,"Golden Valley ",0
30075,"Powder River ",0
30001,"Beaverhead ",0
30043,"Jefferson ",0
30067,"Park ",0
37097,"Iredell ",50.5711231808551
37083,"Halifax ",18.4199426724158
37111,"McDowell ",14.5853175765129
37015,"Bertie ",5.85524355805221
37005,"Alleghany ",3.5907260234049
37141,"Pender ",15.3534644055669
37071,"Gaston ",68.8060372333099
37067,"Forsyth ",122.576513653747
37043,"Clay ",3.27582027349279
37093,"Hoke ",12.5076141417189
37013,"Beaufort ",15.6181373949083
37193,"Wilkes ",20.3232421947566
37131,"Northampton ",6.77167024102779
37197,"Yadkin ",12.5191237166867
37107,"Lenoir ",18.6841999944806
37039,"Cherokee ",8.13618624811183
37099,"Jackson ",13.1406565099199
37063,"Durham ",91.6289134894977
37081,"Guilford ",164.932993388044
37061,"Duplin ",18.3459916851262
37169,"Stokes ",15.5685407312304
37195,"Wilson ",25.9783577041282
37109,"Lincoln ",25.3182245360783
37187,"Washington ",3.91923228064558
37019,"Brunswick ",33.4739786361326
37075,"Graham ",2.74039673538798
37167,"Stanly ",20.1355526744269
37157,"Rockingham ",31.9015534149109
37155,"Robeson ",47.0711448815054
37173,"Swain ",5.23185915604173
37047,"Columbus ",18.6099246607555
37053,"Currituck ",7.99634569950183
37159,"Rowan ",39.7101025282693
37113,"Macon ",10.220641127155
37145,"Person ",14.5923051953511
37139,"Pasquotank ",13.5482718074727
37103,"Jones ",1.84803466852837
37051,"Cumberland ",102.107699740356
37025,"Cabarrus ",59.0128626651569
37183,"Wake ",325.078756199178
37035,"Catawba ",53.0101076078459
37101,"Johnston ",45.4068792351303
37011,"Avery ",4.27241090994442
37001,"Alamance ",51.0026456447979
37069,"Franklin ",18.4601332894647
37065,"Edgecombe ",16.4385386390144
37123,"Montgomery ",7.98087154043433
37125,"Moore ",24.7606005866129
37029,"Camden ",2.99506536914173
37181,"Vance ",14.6105000856832
37041,"Chowan ",4.5302600281626
37003,"Alexander ",11.8787473402505
37133,"Onslow ",62.548764693982
37073,"Gates ",3.99022951107615
37033,"Caswell ",5.76550666123769
37077,"Granville ",18.2030115889805
37021,"Buncombe ",77.6858837290942
37179,"Union ",63.268520924259
37105,"Lee ",21.8849797285801
37089,"Henderson ",33.0173712818496
37057,"Davidson ",43.9637958147914
37147,"Pitt ",60.1886184937747
37023,"Burke ",26.0525417170122
37095,"Hyde ",1.78091070135644
37137,"Pamlico ",3.53484711566115
37171,"Surry ",24.4762211895702
37031,"Carteret ",22.8992393732791
37119,"Mecklenburg ",320.110269497741
37091,"Hertford ",9.3608994945201
37085,"Harnett ",39.2004157223702
37163,"Sampson ",18.3297271284343
37045,"Cleveland ",30.8836062976298
37115,"Madison ",7.01229435922577
37009,"Ashe ",8.71036446176481
37151,"Randolph ",47.3171537803312
37149,"Polk ",6.13543164338981
37143,"Perquimans ",4.05416984478913
37127,"Nash ",33.4782927586239
37007,"Anson ",8.92145416036692
37185,"Warren ",5.80200980570462
37129,"New Hanover ",70.7741682548127
37175,"Transylvania ",9.66388944917144
37191,"Wayne ",40.5761956828495
37087,"Haywood ",18.3161045781441
37189,"Watauga ",20.5894550424179
37177,"Tyrrell ",1.52740089758577
37153,"Richmond ",14.6861420830296
37049,"Craven ",34.2266198161739
37199,"Yancey ",5.64085371319394
37027,"Caldwell ",26.4408095922388
37161,"Rutherford ",22.7621132579447
37121,"Mitchell ",5.7811288230476
37017,"Bladen ",10.1073938372599
37135,"Orange ",49.1818434808718
37055,"Dare ",11.6171383225763
37165,"Scotland ",11.5863380071838
37059,"Davie ",12.8700760068605
37037,"Chatham ",15.1259117636183
37079,"Greene ",6.01131087541981
37117,"Martin ",7.87962821764654
38067,"Pembina ",0.448648278925
38049,"McHenry ",0.33256361446
38051,"McIntosh ",0.143137407746667
38057,"Mercer ",0.545660063666667
38035,"Grand Forks ",4.82612089818833
38001,"Adams ",0.128738658766667
38089,"Stark ",1.61408497930167
38085,"Sioux ",0.218317331668333
38041,"Hettinger ",0.152066174516667
38055,"McLean ",0.573732315566667
38009,"Bottineau ",0.41044357893
38007,"Billings ",0.028734507725
38079,"Rolette ",0.8149536626
38039,"Griggs ",0.12627732964
38031,"Foster ",0.195082518528333
38083,"Sheridan ",0.0682181163766667
38015,"Burleigh ",5.35085645094
38017,"Cass ",10.6373639970033
38029,"Emmons ",0.193873334911667
38097,"Traill ",0.507633241756667
38091,"Steele ",0.0897712971283333
38099,"Walsh ",0.678483359656667
38071,"Ramsey ",0.718602857151667
38105,"Williams ",1.48305943606333
38077,"Richland ",1.06096570092333
38075,"Renville ",0.155344571946667
38081,"Sargent ",0.23802940161
38019,"Cavalier ",0.224081180271667
38063,"Nelson ",0.189370259411667
38021,"Dickey ",0.287475459553333
38061,"Mountrail ",0.537019220815
38025,"Dunn ",0.174623237378333
38033,"Golden Valley ",0.0936642785283333
38011,"Bowman ",0.203097332643333
38047,"Logan ",0.0871647075016667
38059,"Morton ",1.819207771535
38053,"McKenzie ",0.316789512655
38065,"Oliver ",0.073504586155
38043,"Kidder ",0.134914739061667
38101,"Ward ",4.07785734356
38103,"Wells ",0.234388161058333
38023,"Divide ",0.107815688493333
38005,"Benson ",0.353355190008333
38093,"Stutsman ",1.36066487557
38045,"LaMoure ",0.244494990483333
38027,"Eddy ",0.13834636431
38069,"Pierce ",0.233289331403333
38073,"Ransom ",0.30624848639
38003,"Barnes ",0.705851230186667
38037,"Grant ",0.11638033561
38013,"Burke ",0.121325619286667
38087,"Slope ",0.020175759065
38095,"Towner ",0.116464674736667
31127,"Nemaha ",0
31183,"Wheeler ",0
31027,"Cedar ",0
31051,"Dixon ",0
31035,"Clay ",0
31103,"Keya Paha ",0
31147,"Richardson ",0
31159,"Seward ",0
31157,"Scotts Bluff ",0
31123,"Morrill ",0
31089,"Holt ",0
31115,"Loup ",0
31087,"Hitchcock ",0
31135,"Perkins ",0
31021,"Burt ",0
31163,"Sherman ",0
31011,"Boone ",0
31167,"Stanton ",0
31043,"Dakota ",0
31137,"Phelps ",0
31153,"Sarpy ",0
31079,"Hall ",0
31065,"Furnas ",0
31037,"Colfax ",0
31145,"Red Willow ",0
31105,"Kimball ",0
31109,"Lancaster ",0
31075,"Grant ",0
31017,"Brown ",0
31179,"Wayne ",0
31129,"Nuckolls ",0
31057,"Dundy ",0
31121,"Merrick ",0
31005,"Arthur ",0
31071,"Garfield ",0
31099,"Kearney ",0
31067,"Gage ",0
31161,"Sheridan ",0
31093,"Howard ",0
31077,"Greeley ",0
31047,"Dawson ",0
31059,"Fillmore ",0
31177,"Washington ",0
31001,"Adams ",0
31023,"Butler ",0
31151,"Saline ",0
31049,"Deuel ",0
31039,"Cuming ",0
31063,"Frontier ",0
31131,"Otoe ",0
31113,"Logan ",0
31073,"Gosper ",0
31173,"Thurston ",0
31149,"Rock ",0
31171,"Thomas ",0
31169,"Thayer ",0
31007,"Banner ",0
31143,"Polk ",0
31139,"Pierce ",0
31031,"Cherry ",0
31097,"Johnson ",0
31081,"Hamilton ",0
31013,"Box Butte ",0
31009,"Blaine ",0
31111,"Lincoln ",0
31053,"Dodge ",0
31091,"Hooker ",0
31085,"Hayes ",0
31015,"Boyd ",0
31125,"Nance ",0
31175,"Valley ",0
31141,"Platte ",0
31181,"Webster ",0
31107,"Knox ",0
31069,"Garden ",0
31095,"Jefferson ",0
31025,"Cass ",0
31003,"Antelope ",0
31045,"Dawes ",0
31133,"Pawnee ",0
31061,"Franklin ",0
31185,"York ",0
31033,"Cheyenne ",0
31155,"Saunders ",0
31029,"Chase ",0
31083,"Harlan ",0
31055,"Douglas ",0
31019,"Buffalo ",0
31165,"Sioux ",0
31119,"Madison ",0
31101,"Keith ",0
31117,"McPherson ",0
31041,"Custer ",0
33001,"Belknap ",0
33005,"Cheshire ",0
33015,"Rockingham ",0
33003,"Carroll ",0
33009,"Grafton ",0
33017,"Strafford ",0
33019,"Sullivan ",0
33013,"Merrimack ",0
33011,"Hillsborough ",0
33007,"Coos ",0
34001,"Atlantic ",68.607036327505
34039,"Union ",141.21205161299
34021,"Mercer ",100.80377610259
34027,"Morris ",121.059955397495
34005,"Burlington ",111.40947364355
34017,"Hudson ",175.35744953971
34003,"Bergen ",226.36254281318
34007,"Camden ",132.993968207535
34019,"Hunterdon ",33.30741608577
34015,"Gloucester ",69.663863159715
34037,"Sussex ",38.70559253685
34013,"Essex ",199.89772631875
34031,"Passaic ",126.53546676262
34033,"Salem ",15.352791708285
34041,"Warren ",28.330771442085
34023,"Middlesex ",206.41190294935
34029,"Ocean ",128.100100062645
34025,"Monmouth ",161.180870811995
34035,"Somerset ",72.219591169225
34011,"Cumberland ",40.18547259913
34009,"Cape May ",23.357185191135
35007,"Colfax ",0
35021,"Harding ",0
35001,"Bernalillo ",0
35059,"Union ",0
35023,"Hidalgo ",0
35039,"Rio Arriba ",0
35057,"Torrance ",0
35041,"Roosevelt ",0
35017,"Grant ",0
35043,"Sandoval ",0
35045,"San Juan ",0
35027,"Lincoln ",0
35033,"Mora ",0
35029,"Luna ",0
35006,"Cibola ",0
35055,"Taos ",0
35011,"De Baca ",0
35025,"Lea ",0
35019,"Guadalupe ",0
35005,"Chaves ",0
35003,"Catron ",0
35015,"Eddy ",0
35013,"Dona Ana ",0
35047,"San Miguel ",0
35061,"Valencia ",0
35051,"Sierra ",0
35028,"Los Alamos ",0
35037,"Quay ",0
35053,"Socorro ",0
35009,"Curry ",0
35031,"McKinley ",0
35035,"Otero ",0
35049,"Santa Fe ",0
32019,"Lyon ",261.725034543576
32015,"Lander ",31.5321727176
32007,"Elko ",271.483828639968
32023,"Nye ",216.274293694464
32031,"Washoe ",2405.43910904921
32005,"Douglas ",253.268759801616
32510,"Cars ",0.8843975088
32009,"Esmeralda ",3.887074943736
32011,"Eureka ",9.625261903968
32021,"Mineral ",25.721311353384
32017,"Lincoln ",24.903894385008
32001,"Churchill ",129.593473398312
32029,"Storey ",5.59019087544
32027,"Pershing ",32.5711179516
32033,"White Pine ",56.275899460128
32003,"Clark ",10959.7777989667
32013,"Humboldt ",100.70307590148
36005,"Bronx ",1375.10431756021
36001,"Albany ",300.027013147562
36009,"Cattaraugus ",74.1962840873196
36011,"Cayuga ",77.5559172724955
36121,"Wyoming ",43.7850846809652
36069,"Ontario ",106.025242730968
36073,"Orleans ",42.5666222011527
36017,"Chenango ",49.2663678818652
36037,"Genesee ",60.1287623236741
36003,"Allegany ",47.9885727795964
36035,"Fulton ",49.390209665933
36087,"Rockland ",289.713608465183
36013,"Chautauqua ",130.968910353415
36015,"Chemung ",86.2539453716571
36067,"Onondaga ",462.958464515729
36019,"Clinton ",86.6100794108759
36091,"Saratoga ",217.639982040522
36033,"Franklin ",56.6663293933634
36045,"Jefferson ",119.668248768308
36055,"Monroe ",750.629631917378
36111,"Ulster ",197.354646439971
36051,"Livingston ",68.8440587252089
36027,"Dutchess ",306.591694623442
36023,"Cortland ",52.1310488442134
36081,"Queens ",2365.24929446624
36071,"Orange ",356.4471605643
36103,"Suffolk ",1476.20732356127
36107,"Tioga ",49.9921305261161
36089,"St. Lawrence ",114.012069671976
36057,"Montgomery ",55.5422300853295
36039,"Greene ",49.8977871121205
36119,"Westchester ",925.217068840768
36007,"Broome ",205.9453305039
36105,"Sullivan ",78.653185511167
36065,"Oneida ",232.226718584563
36047,"Kings ",2573.02330657901
36053,"Madison ",82.6261002817714
36115,"Washington ",66.9463829379777
36083,"Rensselaer ",165.446399813001
36095,"Schoharie ",33.255608883308
36117,"Wayne ",95.1371038978634
36063,"Niagara ",215.049025404351
36043,"Herkimer ",60.0242041358491
36109,"Tompkins ",118.497501334527
36077,"Otsego ",63.3499329653357
36029,"Erie ",921.274166142595
36079,"Putnam ",102.215902646116
36031,"Essex ",38.2076601078134
36099,"Seneca ",32.7738548595482
36021,"Columbia ",59.203742437508
36049,"Lewis ",24.6617438163107
36075,"Oswego ",127.53599555096
36059,"Nassau ",1323.25349335279
36025,"Delaware ",42.6706271710527
36041,"Hamilton ",3.98502629160536
36123,"Yates ",24.7954052185473
36061,"New York ",1797.92717725728
36097,"Schuyler ",17.4382785806705
36085,"Richmond ",476.702748948911
36093,"Schenectady ",171.737732360582
36113,"Warren ",64.6021417385732
36101,"Steuben ",93.9864896449955
39079,"Jackson ",515.239634141182
39099,"Mahoning ",3637.95077135712
39135,"Preble ",636.584946344303
39089,"Licking ",2346.11467893073
39151,"Stark ",5810.53652727042
39033,"Crawford ",681.351504866848
39159,"Union ",678.450999924606
39007,"Ashtabula ",1574.844791053
39071,"Highland ",647.446098023182
39093,"Lorain ",4576.89907196973
39107,"Mercer ",602.473166517545
39043,"Erie ",1224.63384245639
39113,"Montgomery ",8614.52897832797
39175,"Wyandot ",365.332592257091
39077,"Huron ",940.800015870939
39155,"Trumbull ",3121.49783150318
39053,"Gallia ",499.967669418939
39017,"Butler ",5806.37285224385
39161,"Van Wert ",357.088410152151
39015,"Brown ",610.38813457803
39023,"Clark ",2093.80787425418
39109,"Miami ",1517.38647605712
39009,"Athens ",1297.72063423261
39123,"Ottawa ",599.901147672727
39057,"Greene ",2432.41589314803
39117,"Morrow ",403.417506975242
39051,"Fulton ",736.473109895455
39047,"Fayette ",403.58056711003
39049,"Franklin ",19882.6265234379
39127,"Perry ",616.050470553242
39157,"Tuscarawas ",1402.28804129455
39059,"Guernsey ",612.729394214242
39019,"Carroll ",341.010062107091
39031,"Coshocton ",508.436059209212
39137,"Putnam ",542.157295454212
39069,"Henry ",419.321511706545
39067,"Harrison ",219.736634673212
39075,"Holmes ",573.835548358667
39147,"Seneca ",975.943114652879
39037,"Darke ",789.129886279454
39081,"Jefferson ",1135.135484882
39143,"Sandusky ",1023.09115188506
39035,"Cuyahoga ",20131.0790305757
39003,"Allen ",1769.91894431306
39091,"Logan ",749.03328994306
39139,"Richland ",1912.45206476694
39005,"Ashland ",786.058859745364
39153,"Summit ",8643.95769292203
39133,"Portage ",2823.78078114255
39029,"Columbiana ",1738.52222492258
39021,"Champaign ",612.951964018758
39105,"Meigs ",341.584048340485
39055,"Geauga ",1311.57437615306
39083,"Knox ",951.823499737576
39167,"Washington ",983.966728807636
39013,"Belmont ",1094.82560006573
39119,"Muskingum ",1419.56641001906
39001,"Adams ",478.392957321576
39121,"Noble ",181.446074919
39041,"Delaware ",2753.74991099955
39073,"Hocking ",421.360127364909
39129,"Pickaway ",889.73544162897
39115,"Morgan ",197.63179515103
39103,"Medina ",2667.67618022921
39111,"Monroe ",211.173065808727
39087,"Lawrence ",961.014194968667
39061,"Hamilton ",13047.0059073002
39125,"Paulding ",275.208382223394
39045,"Fairfield ",2075.54914286661
39169,"Wayne ",1841.40680043721
39039,"Defiance ",590.70044316997
39063,"Hancock ",1078.67500327791
39145,"Scioto ",1276.78542360136
39101,"Marion ",1085.78395198909
39163,"Vinton ",161.599873045091
39065,"Hardin ",521.998440330788
39085,"Lake ",3592.98220753367
39171,"Williams ",600.828552189333
39011,"Auglaize ",674.464579999909
39095,"Lucas ",6964.22810990188
39131,"Pike ",397.485648612061
39149,"Shelby ",705.402510774545
39025,"Clermont ",3252.22328715203
39027,"Clinton ",737.955392035909
39141,"Ross ",1280.55928299321
39165,"Warren ",3086.16291867876
39173,"Wood ",2097.1558846333
39097,"Madison ",834.62384587203
40079,"Le Flore ",6.91510088808
40001,"Adair ",3.1838306346
40045,"Ellis ",0.53055004464
40051,"Grady ",6.04373674212
40105,"Nowata ",1.37094751332
40025,"Cimarron ",0.29695587768
40095,"Marshall ",2.01377309364
40119,"Payne ",12.61352041488
40037,"Creek ",8.87240493216
40151,"Woods ",1.28395525104
40145,"Wagoner ",9.38811208104
40137,"Stephens ",6.16418740476
40109,"Oklahoma ",107.60461721856
40083,"Logan ",4.10696953128
40097,"Mayes ",5.29164033552
40063,"Hughes ",1.97531123328
40061,"Haskell ",1.76473298232
40007,"Beaver ",0.71145303768
40065,"Jackson ",3.66525249552
40135,"Sequoyah ",5.76633333276
40003,"Alfalfa ",0.81123151032
40009,"Beckham ",3.21201486144
40069,"Johnston ",1.54604333268
40127,"Pushmataha ",1.49090046336
40041,"Delaware ",5.55516625356
40033,"Cotton ",0.79737561288
40043,"Dewey ",0.61432429212
40075,"Kiowa ",1.26912920904
40125,"Pottawatomie ",9.78806549952
40057,"Harmon ",0.37365259932
40141,"Tillman ",1.01984577156
40101,"Muskogee ",10.4023697778
40153,"Woodward ",2.77332886908
40113,"Osage ",4.43973174876
40139,"Texas ",2.89240437024
40111,"Okmulgee ",6.00358371228
40049,"Garvin ",4.01106215664
40035,"Craig ",2.31786653868
40115,"Ottawa ",4.06210218876
40015,"Caddo ",4.3680153132
40017,"Canadian ",15.7290901614
40131,"Rogers ",10.1929065084
40027,"Cleveland ",36.6998050188
40055,"Greer ",0.8905842792
40117,"Pawnee ",2.24368682076
40089,"McCurtain ",4.53430714968
40067,"Jefferson ",0.82958999508
40123,"Pontotoc ",5.30380822356
40059,"Harper ",0.50795283924
40133,"Seminole ",3.12602013108
40085,"Love ",1.1804268168
40071,"Kay ",6.50283316452
40021,"Cherokee ",6.18221776788
40093,"Major ",0.92723962716
40031,"Comanche ",18.16200731268
40013,"Bryan ",5.90246009892
40121,"Pittsburg ",5.99166757728
40005,"Atoka ",1.78252897284
40011,"Blaine ",1.82051734788
40081,"Lincoln ",4.18980102156
40129,"Roger Mills ",0.45364581108
40107,"Okfuskee ",1.7097059826
40103,"Noble ",1.44893196756
40047,"Garfield ",8.23511897208
40091,"McIntosh ",2.72278760292
40053,"Grant ",0.57688261092
40019,"Carter ",6.47077625964
40073,"Kingfisher ",2.17442524068
40087,"McClain ",5.34322495476
40147,"Washington ",6.83238842748
40143,"Tulsa ",89.6742011088
40029,"Coal ",0.74143798344
40149,"Washita ",1.39803466572
40023,"Choctaw ",1.98636940656
40099,"Murray ",1.74913535412
40039,"Custer ",3.95409592116
40077,"Latimer ",1.19778671628
41005,"Clackamas ",9060.80883475482
41037,"Lake ",186.384796411694
41019,"Douglas ",2435.82661743833
41029,"Jackson ",4753.02401600979
41027,"Hood River ",540.221391674834
41011,"Coos ",1458.9865011252
41069,"Wheeler ",31.1724060505338
41045,"Malheur ",722.894662696749
41047,"Marion ",7523.73928820402
41063,"Wallowa ",158.21847624726
41023,"Grant ",163.301820915877
41051,"Multnomah ",19542.9270430152
41015,"Curry ",486.134543872357
41001,"Baker ",364.837063212042
41043,"Linn ",2899.12181259614
41059,"Umatilla ",1795.31856889963
41055,"Sherman ",39.1795558212046
41025,"Harney ",171.229621746531
41071,"Yamhill ",2377.96185216516
41039,"Lane ",8921.733692233
41061,"Union ",609.219598209978
41053,"Polk ",1739.63774370139
41021,"Gilliam ",42.2781366576462
41035,"Klamath ",1528.13508288636
41057,"Tillamook ",578.769466122388
41031,"Jefferson ",600.726046057297
41041,"Lincoln ",1073.20254723168
41067,"Washington ",13545.6238813704
41065,"Wasco ",563.50647525744
41003,"Benton ",2181.05069535677
41013,"Crook ",470.656771788365
41007,"Clatsop ",873.714204945983
41017,"Deschutes ",3776.13368004571
41049,"Morrow ",256.399785371298
41033,"Josephine ",1879.04995371096
41009,"Columbia ",1224.48740150103
42049,"Erie ",421.407247346742
42097,"Northumberland ",135.552514387131
42005,"Armstrong ",70.1919211620323
42075,"Lebanon ",192.188186679352
42011,"Berks ",597.0156215532
42033,"Clearfield ",114.352593579758
42117,"Tioga ",61.8004191763417
42031,"Clarion ",64.6547001955836
42057,"Fulton ",20.6629922317028
42013,"Blair ",186.807373388752
42083,"McKean ",0.235790466103581
42065,"Jefferson ",66.1345660733194
42067,"Juniata ",32.8293872985374
42007,"Beaver ",237.482112989641
42025,"Carbon ",95.2700524444665
42095,"Northampton ",423.239825820122
42127,"Wayne ",69.343636889931
42079,"Luzerne ",465.66459385557
42085,"Mercer ",158.399618735528
42073,"Lawrence ",140.18415025551
42109,"Snyder ",52.3537174277795
42099,"Perry ",71.4863733938828
42003,"Allegheny ",1813.69820678055
42027,"Centre ",267.684644787552
42053,"Forest ",13.106918323652
42063,"Indiana ",145.750994738454
42093,"Montour ",26.5175946509385
42121,"Venango ",74.9624114160051
42017,"Bucks ",906.580264831856
42051,"Fayette ",192.842505222789
42077,"Lehigh ",528.557003592907
42009,"Bedford ",68.7933094274569
42113,"Sullivan ",8.0305367237325
42021,"Cambria ",210.067971875167
42041,"Cumberland ",384.664748841454
42105,"Potter ",24.1412384502536
42059,"Greene ",59.3010215221147
42131,"Wyoming ",47.5148853656947
42107,"Schuylkill ",215.835182113711
42029,"Chester ",767.484474712705
42015,"Bradford ",87.9656193616296
42001,"Adams ",135.38347507917
42071,"Lancaster ",738.383346380905
42119,"Union ",73.8575272334901
42043,"Dauphin ",393.651696608172
42069,"Lackawanna ",310.908255951336
42019,"Butler ",275.825628759772
42039,"Crawford ",132.466653445823
42133,"York ",637.93164873558
42023,"Cameron ",7.09121113277463
42111,"Somerset ",113.581577469129
42055,"Franklin ",196.479591875966
42037,"Columbia ",108.989071590006
42103,"Pike ",86.4676200742387
42045,"Delaware ",820.075984954197
42115,"Susquehanna ",59.9978946306251
42101,"Philadelphia ",2352.59145972568
42129,"Westmoreland ",562.054089608157
42035,"Clinton ",55.6893291278667
42081,"Lycoming ",174.332017957205
42047,"Elk ",45.4139923127118
42061,"Huntingdon ",68.9961640824222
42087,"Mifflin ",65.9024808859689
42125,"Washington ",307.762474289991
42089,"Monroe ",254.168966848734
42091,"Montgomery ",1157.55829427363
42123,"Warren ",57.2112068783328
72013,"Arecibo Mu ",NA
72065,"Hatillo Mu ",NA
72141,"Utuado Mu ",NA
72041,"Cidra Mu ",NA
72101,"Morovis Mu ",NA
72025,"Caguas Mu ",NA
72035,"Cayey Mu ",NA
72015,"Arroyo Mu ",NA
72031,"Carolina Mu ",NA
72039,"Ciales Mu ",NA
72061,"Guaynabo Mu ",NA
72091,"Manati Mu ",NA
72151,"Yabucoa Mu ",NA
72135,"Toa Alta Mu ",NA
72011,"Anasco Mu ",NA
72093,"Maricao Mu ",NA
72077,"Juncos Mu ",NA
72063,"Gurabo Mu ",NA
72023,"Cabo Rojo Mu ",NA
72019,"Barranquitas Mu ",NA
72005,"Aguadilla Mu ",NA
72113,"Ponce Mu ",NA
72143,"Vega Alta Mu ",NA
72083,"Las Marias Mu ",NA
72137,"Toa Baja Mu ",NA
72027,"Camuy Mu ",NA
72115,"Quebradillas Mu ",NA
72055,"Guanica Mu ",NA
72125,"San German Mu ",NA
72007,"Aguas Buenas Mu ",NA
72087,"Loiza Mu ",NA
72111,"Penuelas Mu ",NA
72079,"Lajas Mu ",NA
72017,"Barceloneta Mu ",NA
72075,"Juana Diaz Mu ",NA
72119,"Rio Grande Mu ",NA
72081,"Lares Mu ",NA
72121,"Sabana Grande Mu ",NA
72053,"Fajardo Mu ",NA
72109,"Patillas Mu ",NA
72069,"Humacao Mu ",NA
72071,"Isabela Mu ",NA
72001,"Adjuntas Mu ",NA
72129,"San Lorenzo Mu ",NA
72139,"Trujillo Alto Mu ",NA
72127,"San Juan Mu ",NA
72033,"Catano Mu ",NA
72037,"Ceiba Mu ",NA
72123,"Salinas Mu ",NA
72099,"Moca Mu ",NA
72054,"Florida Mu ",NA
72103,"Naguabo Mu ",NA
72133,"Santa Isabel Mu ",NA
72117,"Rincon Mu ",NA
72089,"Luquillo Mu ",NA
72153,"Yauco Mu ",NA
72049,"Culebra Mu ",NA
72021,"Bayamon Mu ",NA
72045,"Comerio Mu ",NA
72003,"Aguada Mu ",NA
72051,"Dorado Mu ",NA
72145,"Vega Baja Mu ",NA
72009,"Aibonito Mu ",NA
72047,"Corozal Mu ",NA
72131,"San Sebastian Mu ",NA
72107,"Orocovis Mu ",NA
72085,"Las Piedras Mu ",NA
72057,"Guayama Mu ",NA
72043,"Coamo Mu ",NA
72067,"Hormigueros Mu ",NA
72029,"Canovanas Mu ",NA
72073,"Jayuya Mu ",NA
72097,"Mayaguez Mu ",NA
72149,"Villalba Mu ",NA
72095,"Maunabo Mu ",NA
72059,"Guayanilla Mu ",NA
72105,"Naranjito Mu ",NA
72147,"Vieques Mu ",NA
44007,"Providence ",0
44001,"Bristol ",0
44005,"Newport ",0
44009,"Washington ",0
44003,"Kent ",0
45001,"Abbeville ",106.9162392375
45089,"Williamsburg ",167.93343675
45015,"Berkeley ",759.41208826875
45033,"Dillon ",168.893307
45057,"Lancaster ",416.12645435625
45017,"Calhoun ",57.13268833125
45083,"Spartanburg ",1483.74508033125
45013,"Beaufort ",803.72859001875
45077,"Pickens ",738.3549222
45085,"Sumter ",584.9616259125
45011,"Barnwell ",121.23991051875
45009,"Bamberg ",83.209188375
45021,"Cherokee ",265.89594549375
45003,"Aiken ",795.94257706875
45079,"Richland ",2167.80792710625
45029,"Colleton ",189.0068747625
45031,"Darlington ",349.62942436875
45081,"Saluda ",61.9555878
45023,"Chester ",176.97488124375
45041,"Florence ",773.33658609375
45075,"Orangeburg ",504.4103710875
45025,"Chesterfield ",233.3078272125
45049,"Hampton ",132.267030525
45069,"Marlboro ",160.74310651875
45087,"Union ",145.9871447625
45047,"Greenwood ",357.36086525625
45055,"Kershaw ",355.3764606
45037,"Edgefield ",192.59465146875
45073,"Oconee ",382.39543760625
45059,"Laurens ",317.75600075625
45091,"York ",1223.70406925625
45067,"Marion ",160.81716504375
45053,"Jasper ",127.2379782375
45045,"Greenville ",2580.11191996875
45071,"Newberry ",206.57706046875
45043,"Georgetown ",264.6249148125
45063,"Lexington ",1464.026898375
45007,"Anderson ",894.3125572125
45065,"McCormick ",57.42498526875
45005,"Allendale ",57.15680968125
45061,"Lee ",93.468536775
45027,"Clarendon ",165.30308825625
45035,"Dorchester ",1000.80889059375
45051,"Horry ",1493.83488155625
45019,"Charleston ",1952.1904438125
45039,"Fairfield ",122.74759456875
46105,"Perkins ",0
46129,"Walworth ",0
46099,"Minnehaha ",0
46019,"Butte ",0
46093,"Meade ",0
46061,"Hanson ",0
46067,"Hutchinson ",0
46071,"Jackson ",0
46055,"Haakon ",0
46037,"Day ",0
46027,"Clay ",0
46011,"Brookings ",0
46005,"Beadle ",0
46121,"Todd ",0
46065,"Hughes ",0
46057,"Hamlin ",0
46029,"Codington ",0
46007,"Bennett ",0
46115,"Spink ",0
46091,"Marshall ",0
46135,"Yankton ",0
46069,"Hyde ",0
46085,"Lyman ",0
46125,"Turner ",0
46089,"McPherson ",0
46073,"Jerauld ",0
46023,"Charles Mix ",0
46031,"Corson ",0
46117,"Stanley ",0
46107,"Potter ",0
46111,"Sanborn ",0
46013,"Brown ",0
46103,"Pennington ",0
46063,"Harding ",0
46051,"Grant ",0
46119,"Sully ",0
46015,"Brule ",0
46047,"Fall River ",0
46043,"Douglas ",0
46077,"Kingsbury ",0
46059,"Hand ",0
46049,"Faulk ",0
46045,"Edmunds ",0
46095,"Mellette ",0
46079,"Lake ",0
46081,"Lawrence ",0
46039,"Deuel ",0
46053,"Gregory ",0
46113,"Shannon ",0
46123,"Tripp ",0
46083,"Lincoln ",0
46035,"Davison ",0
46101,"Moody ",0
46127,"Union ",0
46009,"Bon Homme ",0
46075,"Jones ",0
46041,"Dewey ",0
46025,"Clark ",0
46021,"Campbell ",0
46087,"McCook ",0
46137,"Ziebach ",0
46003,"Aurora ",0
46097,"Miner ",0
46033,"Custer ",0
46109,"Roberts ",0
46017,"Buffalo ",0
47117,"Marshall ",0
47041,"DeKalb ",0
47073,"Hawkins ",0
47133,"Overton ",0
47057,"Grainger ",0
47027,"Clay ",0
47163,"Sullivan ",0
47033,"Crockett ",0
47083,"Houston ",0
47089,"Jefferson ",0
47143,"Rhea ",0
47017,"Carroll ",0
47175,"Van Buren ",0
47023,"Chester ",0
47029,"Cocke ",0
47045,"Dyer ",0
47021,"Cheatham ",0
47013,"Campbell ",0
47189,"Wilson ",0
47015,"Cannon ",0
47159,"Smith ",0
47137,"Pickett ",0
47055,"Giles ",0
47139,"Polk ",0
47121,"Meigs ",0
47115,"Marion ",0
47109,"McNairy ",0
47097,"Lauderdale ",0
47085,"Humphreys ",0
47179,"Washington ",0
47087,"Jackson ",0
47095,"Lake ",0
47043,"Dickson ",0
47099,"Lawrence ",0
47035,"Cumberland ",0
47111,"Macon ",0
47181,"Wayne ",0
47173,"Union ",0
47051,"Franklin ",0
47125,"Montgomery ",0
47171,"Unicoi ",0
47079,"Henry ",0
47129,"Morgan ",0
47167,"Tipton ",0
47151,"Scott ",0
47065,"Hamilton ",0
47011,"Bradley ",0
47039,"Decatur ",0
47071,"Hardin ",0
47153,"Sequatchie ",0
47075,"Haywood ",0
47049,"Fentress ",0
47149,"Rutherford ",0
47141,"Putnam ",0
47061,"Grundy ",0
47069,"Hardeman ",0
47187,"Williamson ",0
47119,"Maury ",0
47067,"Hancock ",0
47081,"Hickman ",0
47155,"Sevier ",0
47009,"Blount ",0
47047,"Fayette ",0
47007,"Bledsoe ",0
47135,"Perry ",0
47161,"Stewart ",0
47105,"Loudon ",0
47183,"Weakley ",0
47019,"Carter ",0
47147,"Robertson ",0
47145,"Roane ",0
47127,"Moore ",0
47185,"White ",0
47063,"Hamblen ",0
47005,"Benton ",0
47107,"McMinn ",0
47003,"Bedford ",0
47101,"Lewis ",0
47037,"Davidson ",0
47113,"Madison ",0
47177,"Warren ",0
47157,"Shelby ",0
47093,"Knox ",0
47091,"Johnson ",0
47031,"Coffee ",0
47165,"Sumner ",0
47131,"Obion ",0
47025,"Claiborne ",0
47059,"Greene ",0
47077,"Henderson ",0
47053,"Gibson ",0
47169,"Trousdale ",0
47103,"Lincoln ",0
47123,"Monroe ",0
47001,"Anderson ",0
48245,"Jefferson ",1285.91122734519
48083,"Coleman ",40.296263753063
48483,"Wheeler ",25.7384162598398
48033,"Borden ",0.988175184467326
48495,"Winkler ",33.4757012650928
48051,"Burleson ",80.1615310987467
48427,"Starr ",274.451468303664
48471,"Walker ",407.73375002384
48011,"Armstrong ",7.89273256311723
48047,"Brooks ",33.8078801540253
48217,"Hill ",159.971246493998
48449,"Titus ",149.661918848353
48377,"Presidio ",33.9553462969381
48151,"Fisher ",15.5631257097293
48345,"Motley ",4.73817332039461
48131,"Duval ",59.7821915668751
48281,"Lampasas ",99.2920959135293
48239,"Jackson ",62.871125842219
48039,"Brazoria ",1659.95466472414
48207,"Haskell ",26.70809483188
48053,"Burnet ",166.424283826822
48439,"Tarrant ",8939.87216084172
48493,"Wilson ",190.504719491902
48235,"Irion ",7.4873273592332
48229,"Hudspeth ",15.3196292091465
48413,"Schleicher ",15.5186578264283
48411,"San Saba ",27.8191584687746
48045,"Briscoe ",7.25928693204843
48031,"Blanco ",46.8408973241396
48269,"King ",1.39358038835136
48293,"Limestone ",111.250662604225
48111,"Dallam ",58.9538980596896
48215,"Hidalgo ",3500.94758405123
48059,"Callahan ",59.2760685076512
48007,"Aransas ",89.5736463525456
48017,"Bailey ",33.2581760353838
48139,"Ellis ",774.755442582383
48105,"Crockett ",18.1936987264318
48035,"Bosque ",85.9812494896282
48417,"Shackelford ",14.361606036718
48157,"Fort Bend ",2755.22257467335
48077,"Clay ",35.5013337041246
48201,"Harris ",21240.0146530283
48195,"Hansford ",27.0552230377057
48423,"Smith ",1032.98183449185
48147,"Fannin ",163.38881236274
48379,"Rains ",46.2303824249155
48127,"Dimmit ",43.9679680089902
48287,"Lee ",75.26917711175
48097,"Cooke ",166.433152065657
48203,"Harrison ",264.460383743068
48443,"Terrell ",4.29476137864645
48153,"Floyd ",27.5632464338228
48273,"Kleberg ",166.053084687016
48357,"Ochiltree ",46.5476119969547
48401,"Rusk ",227.15195634263
48029,"Bexar ",8675.65996109691
48343,"Morris ",63.7200696769774
48103,"Crane ",20.0135880244925
48299,"Llano ",96.1656616568261
48309,"McLennan ",1196.44577350644
48315,"Marion ",51.6046618480294
48181,"Grayson ",606.0806531175
48305,"Lynn ",26.8099528893558
48213,"Henderson ",399.299294757033
48163,"Frio ",90.2386375760416
48313,"Madison ",67.682398788439
48095,"Concho ",23.1791692211957
48425,"Somervell ",40.5628176746167
48185,"Grimes ",144.64464938291
48221,"Hood ",245.007268412945
48415,"Scurry ",84.0605156471014
48465,"Val Verde ",228.561246182632
48091,"Comal ",616.966542976544
48283,"La Salle ",33.3773905031509
48145,"Falls ",79.4959064296197
48089,"Colorado ",99.419925241879
48093,"Comanche ",55.7403016841513
48013,"Atascosa ",217.307957857569
48319,"Mason ",17.541883172062
48499,"Wood ",211.296558818726
48073,"Cherokee ",208.794955332509
48193,"Hamilton ",41.390351047045
48081,"Coke ",13.4996132219596
48367,"Parker ",510.814737635044
48331,"Milam ",109.950325412767
48009,"Archer ",30.3557281538265
48199,"Hardin ",268.440956088704
48087,"Collingsworth ",12.0101291650644
48117,"Deaf Smith ",88.7964085632242
48271,"Kinney ",16.7958109077892
48253,"Jones ",55.5981564845395
48279,"Lamb ",61.951869542412
48409,"San Patricio ",332.590248525294
48329,"Midland ",668.172894211757
48261,"Kenedy ",1.04518529126352
48445,"Terry ",61.6120893059067
48057,"Calhoun ",100.713927977026
48371,"Pecos ",79.5683726098139
48429,"Stephens ",43.5448263274362
48477,"Washington ",163.039657130895
48137,"Edwards ",8.96959013593419
48025,"Bee ",171.043369368576
48387,"Red River ",60.666988424352
48121,"Denton ",3811.3318892229
48363,"Palo Pinto ",149.731091111266
48431,"Sterling ",5.78969306796882
48455,"Trinity ",65.0120453861053
48459,"Upshur ",170.344045391876
48225,"Houston ",120.79808184482
48251,"Johnson ",808.943643493302
48243,"Jeff Davis ",10.5532042136062
48285,"Lavaca ",107.66586708888
48359,"Oldham ",11.8707711262293
48463,"Uvalde ",120.814424742101
48005,"Angelina ",419.163262923467
48451,"Tom Green ",553.064294336071
48021,"Bastrop ",377.591999804188
48141,"El Paso ",3866.53072158162
48275,"Knox ",15.6074669039041
48311,"McMullen ",3.6359779223349
48113,"Dallas ",12463.6644548209
48397,"Rockwall ",386.877805999152
48403,"Sabine ",48.8700770587054
48383,"Reagan ",16.5093667934199
48267,"Kimble ",20.0567890165314
48355,"Nueces ",1702.03547150905
48191,"Hall ",14.3380418592423
48481,"Wharton ",196.100324818512
48233,"Hutchinson ",108.362150526551
48361,"Orange ",417.353888822882
48101,"Cottle ",6.2711117475811
48479,"Webb ",1153.63245019376
48177,"Gonzales ",91.8545573808981
48237,"Jack ",43.9456707227765
48183,"Gregg ",724.824470780764
48289,"Leon ",91.3299377092469
48291,"Liberty ",373.776250011756
48219,"Hockley ",106.629803414704
48301,"Loving ",0.608107805826047
48323,"Maverick ",245.046035285567
48249,"Jim Wells ",195.845046229191
48211,"Hemphill ",17.2379559582752
48115,"Dawson ",68.8861988657221
48325,"Medina ",207.865183835226
48015,"Austin ",140.038739510282
48135,"Ector ",686.260554139548
48277,"Lamar ",235.532695419923
48333,"Mills ",20.1571268044927
48043,"Brewster ",46.8201203074405
48453,"Travis ",5623.59108127908
48003,"Andrews ",71.172050769997
48461,"Upton ",15.4339028009913
48161,"Freestone ",87.3886389927369
48435,"Sutton ",19.4114346075985
48351,"Newton ",55.2595164501701
48255,"Karnes ",86.5556579878814
48467,"Van Zandt ",233.386835000114
48317,"Martin ",23.1448364679918
48389,"Reeves ",69.5609451519366
48049,"Brown ",181.798516049366
48475,"Ward ",49.568640900648
48019,"Bandera ",98.5276537259555
48491,"Williamson ",2177.5955391687
48205,"Hartley ",6.51182108738725
48497,"Wise ",281.227816286585
48405,"San Augustine ",35.8871020934455
48337,"Montague ",95.6236855748837
48349,"Navarro ",222.838318284178
48469,"Victoria ",423.262669669492
48303,"Lubbock ",1458.39910613086
48369,"Parmer ",45.9134062311287
48339,"Montgomery ",2227.44124918838
48179,"Gray ",109.010545474513
48169,"Garza ",36.8977012532527
48485,"Wichita ",707.413964232586
48407,"San Jacinto ",149.312383549129
48167,"Galveston ",1588.59448060171
48173,"Glasscock ",4.72550440777324
48347,"Nacogdoches ",340.342356158314
48171,"Gillespie ",112.209572600537
48037,"Bowie ",458.856739814005
48241,"Jasper ",171.576983968188
48335,"Mitchell ",51.0377280082228
48209,"Hays ",932.173269737543
48159,"Franklin ",35.9202946445135
48165,"Gaines ",76.9119550113638
48119,"Delta ",22.8073366357583
48353,"Nolan ",74.8955708785456
48327,"Menard ",9.14695491263345
48375,"Potter ",601.051854941571
48155,"Foard ",5.76435524272607
48307,"McCulloch ",38.3218137210215
48399,"Runnels ",50.5821539103581
48069,"Castro ",33.0098653480048
48075,"Childress ",37.7503190726713
48143,"Erath ",194.808349109384
48341,"Moore ",102.372288639164
48385,"Real ",13.1216995584639
48055,"Caldwell ",185.147669789953
48393,"Roberts ",3.81334269903417
48231,"Hunt ",381.425359385164
48421,"Sherman ",10.3758394369069
48197,"Hardeman ",19.0700074124524
48149,"Fayette ",110.523340330632
48071,"Chambers ",156.545699210304
48079,"Cochran ",14.3370283462325
48085,"Collin ",3709.42657670296
48129,"Donley ",17.2233867087606
48487,"Wilbarger ",62.7581191416363
48099,"Coryell ",337.611191975398
48107,"Crosby ",25.7012963458592
48065,"Carson ",26.7373600200353
48061,"Cameron ",1833.77100568728
48489,"Willacy ",109.673382982863
48391,"Refugio ",34.1500674839286
48321,"Matagorda ",178.1174367981
48259,"Kendall ",166.270483227598
48365,"Panola ",110.400451878204
48133,"Eastland ",89.4748288340989
48265,"Kerr ",212.76501248067
48507,"Zavala ",53.0840107748274
48247,"Jim Hogg ",26.3138382711027
48109,"Culberson ",11.4146902718597
48295,"Lipscomb ",15.6001189345837
48001,"Anderson ",332.381464845294
48041,"Brazos ",1135.64753514733
48433,"Stonewall ",6.06840914563909
48419,"Shelby ",124.125318366572
48297,"Live Oak ",43.497317905106
48395,"Robertson ",72.2377596997071
48023,"Baylor ",16.5672637240996
48457,"Tyler ",104.118318176642
48263,"Kent ",3.48395097087839
48381,"Randall ",607.906116737114
48189,"Hale ",178.583146026061
48027,"Bell ",1632.22152817206
48441,"Taylor ",720.322445991632
48447,"Throckmorton ",6.81587499030027
48373,"Polk ",219.633716836601
48473,"Waller ",202.723505647841
48123,"DeWitt ",78.4200623698124
48257,"Kaufman ",480.910909594422
48227,"Howard ",183.439773679466
48063,"Camp ",65.8151277571744
48501,"Yoakum ",39.5385360891785
48505,"Zapata ",61.2016165369741
48067,"Cass ",133.298244550079
48223,"Hopkins ",161.245612414582
48187,"Guadalupe ",561.173411926761
48175,"Goliad ",28.3418778035326
48125,"Dickens ",13.232552543901
48503,"Young ",88.2104713544855
48437,"Swisher ",38.6139588460705
74300,"Midway  ",NA
49009,"Daggett ",6.3526136040014
49041,"Sevier ",111.071560312295
49005,"Cache ",682.583340130131
49003,"Box Elder ",273.297486026525
49033,"Rich ",11.7601744654145
49023,"Juab ",52.5845053951995
49043,"Summit ",241.402999294543
49055,"Wayne ",15.015725277799
49053,"Washington ",722.504187872547
49045,"Tooele ",328.743678881384
49037,"San Juan ",75.972126336724
49017,"Garfield ",29.4186105694701
49039,"Sanpete ",163.45003455369
49057,"Weber ",1412.45939764193
49021,"Iron ",274.399357461285
49049,"Utah ",2989.48569249774
49031,"Piute ",6.90537412665996
49029,"Morgan ",50.8019570426629
49025,"Kane ",42.6048171705273
49047,"Uintah ",174.010534567811
49019,"Grand ",63.400396318457
49027,"Millard ",66.6773865471164
49035,"Salt Lake ",6386.97151239529
49015,"Emery ",60.6099171795703
49007,"Carbon ",126.501851890596
49001,"Beaver ",35.2432580902453
49051,"Wasatch ",126.548887678668
49013,"Duchesne ",116.959936907096
49011,"Davis ",1718.22928541379
51013,"Arlington ",138.24246270753
51053,"Dinwiddie ",8.077288478445
51750,"Radfo ",0.0876721275
51033,"Caroline ",15.252566118375
51775,"Sal ",0.0876721275
51085,"Hanover ",53.67635257845
51131,"Northampton ",6.12904461357
51009,"Amherst ",17.244236910405
51169,"Scott ",12.43299665961
51029,"Buckingham ",8.128790469975
51683,"Manass ",0.0876721275
51175,"Southampton ",7.71642692544
51770,"Roano ",0.0876721275
51081,"Greensville ",11.51886245778
51153,"Prince William ",233.302265112135
51191,"Washington ",29.70476877048
51735,"Poquos ",0.0876721275
51037,"Charlotte ",7.25512387647
51079,"Greene ",11.898581208735
51177,"Spotsylvania ",64.70495249925
51163,"Rockbridge ",15.83593030233
51097,"King and Queen ",3.628921625265
51630,"Fredericksbu ",0.0876721275
51125,"Nelson ",10.13559931602
51840,"Winchest ",0.0876721275
51520,"Brist ",0.0876721275
51099,"King George ",12.88105967922
51005,"Alleghany ",11.336821282725
51001,"Accomack ",17.19435608418
51105,"Lee ",13.319829453315
51800,"Suffo ",0.0876721275
51690,"Martinsvil ",0.0876721275
51035,"Carroll ",12.394990023285
51195,"Wise ",24.192846724275
51570,"Colonial Heigh ",0.0876721275
51047,"Culpeper ",28.31705742183
51091,"Highland ",1.134566540085
51109,"Louisa ",20.92667852424
51083,"Halifax ",18.296382421995
51031,"Campbell ",19.95093388839
51790,"Staunt ",0.0876721275
51540,"Charlottesvil ",0.0876721275
51027,"Buchanan ",12.0743284479
51043,"Clarke ",7.615234833015
51115,"Mathews ",4.544563172445
51041,"Chesterfield ",172.53335739132
51003,"Albemarle ",45.16490249598
51101,"King William ",8.84767422954
51530,"Buena Vis ",0.0876721275
51187,"Warren ",20.4611979753
51660,"Harrisonbu ",0.0876721275
51193,"Westmoreland ",8.91569549562
51510,"Alexandr ",0.0876721275
51065,"Fluvanna ",13.31707008846
51610,"Falls Chur ",0.0876721275
51680,"Lynchbu ",0.0876721275
51103,"Lancaster ",5.617731537345
51685,"Manassas Pa ",0.0876721275
51007,"Amelia ",6.51675229488
51700,"Newport Ne ",0.0876721275
51159,"Richmond ",5.187393668565
51061,"Fauquier ",35.119304002215
51165,"Rockingham ",32.92821142038
51119,"Middlesex ",6.41690450841
51133,"Northumberland ",5.489619487455
51620,"Frankl ",0.0876721275
51127,"New Kent ",12.146253430815
51595,"Empor ",0.0876721275
51071,"Giles ",9.53819221059
51137,"Orange ",15.25561464744
51185,"Tazewell ",26.34751692051
51670,"Hopewe ",0.0876721275
51650,"Hampt ",0.0876721275
51161,"Roanoke ",45.58489812993
51181,"Surry ",3.729926068575
51036,"Charles City ",2.95725161352
51017,"Bath ",2.760247728705
51157,"Rappahannock ",2.799746329305
51183,"Sussex ",7.4620977741
51171,"Shenandoah ",22.34912649267
51057,"Essex ",5.94552993153
51155,"Pulaski ",16.536116827125
51073,"Gloucester ",19.460446787715
51173,"Smyth ",17.31474683442
51720,"Nort ",0.0876721275
51045,"Craig ",2.527790466015
51820,"Waynesbo ",0.0876721275
51167,"Russell ",15.16431873867
51075,"Goochland ",10.80334715364
51095,"James City ",48.948736156215
51077,"Grayson ",6.1583363328
51069,"Frederick ",42.769924536375
51590,"Danvil ",0.0876721275
51147,"Prince Edward ",15.764371389
51710,"Norfo ",0.0876721275
51550,"Chesapea ",0.0876721275
51145,"Powhatan ",15.674106012255
51199,"York ",29.79081665646
51179,"Stafford ",70.65732393294
51740,"Portsmou ",0.0876721275
51093,"Isle of Wight ",19.08074034162
51197,"Wythe ",15.994346146185
51051,"Dickenson ",8.346549577395
51580,"Covingt ",0.0876721275
51025,"Brunswick ",9.881082515565
51107,"Loudoun ",171.44211318708
51830,"Williamsbu ",0.0876721275
51135,"Nottoway ",9.266750075205
51087,"Henrico ",188.39574929508
51019,"Bedford ",35.943268189965
51011,"Appomattox ",7.63416893634
51515,"Bedfo ",0.0876721275
51117,"Mecklenburg ",17.279447267295
51730,"Petersbu ",0.0876721275
51067,"Franklin ",28.99982949351
51640,"Gal ",0.0876721275
51111,"Lunenburg ",5.286521620725
51678,"Lexingt ",0.0876721275
51113,"Madison ",5.36690004246
51149,"Prince George ",12.909696164655
51023,"Botetourt ",15.437877309975
51063,"Floyd ",7.06716098754
51049,"Cumberland ",3.332706730485
51139,"Page ",12.57080493918
51810,"Virginia Bea ",0.0876721275
51015,"Augusta ",26.009000993265
51121,"Montgomery ",61.836649642455
51089,"Henry ",38.300953195125
51143,"Pittsylvania ",23.9802033624
51059,"Fairfax ",641.322852377145
51760,"Richmo ",0.0876721275
51021,"Bland ",3.949290960225
51141,"Patrick ",9.1296524013
51600,"Fairf ",0.0876721275
78010,"St. Croix ",NA
78020,"St. John ",NA
78030,"St. Thomas ",NA
50013,"Grand Isle ",0
50003,"Bennington ",0
50021,"Rutland ",0
50017,"Orange ",0
50027,"Windsor ",0
50001,"Addison ",0
50015,"Lamoille ",0
50023,"Washington ",0
50007,"Chittenden ",0
50009,"Essex ",0
50011,"Franklin ",0
50019,"Orleans ",0
50005,"Caledonia ",0
50025,"Windham ",0
53065,"Stevens ",130.345128423111
53069,"Wahkiakum ",10.1012785314283
53073,"Whatcom ",626.412362821121
53045,"Mason ",172.761166219987
53011,"Clark ",1262.08377047785
53051,"Pend Oreille ",34.4112712658138
53039,"Klickitat ",59.2305465179908
53053,"Pierce ",2415.31446468301
53049,"Pacific ",55.2638955036071
53041,"Lewis ",217.289015111488
53075,"Whitman ",162.479948071847
53013,"Columbia ",10.3970129100796
53025,"Grant ",242.324828217991
53001,"Adams ",54.2719286238112
53077,"Yakima ",676.349596181861
53021,"Franklin ",215.873209712027
53063,"Spokane ",1430.87370832641
53005,"Benton ",510.294546691293
53009,"Clallam ",201.865775506588
53067,"Thurston ",766.817759130807
53007,"Chelan ",207.509533027638
53071,"Walla Walla ",175.349641008795
53029,"Island ",228.537643237452
53035,"Kitsap ",773.530473852359
53061,"Snohomish ",2211.92409938166
53043,"Lincoln ",30.1432981981908
53017,"Douglas ",106.033506809418
53057,"Skagit ",340.781180242763
53015,"Cowlitz ",300.51462395185
53023,"Garfield ",6.26532961746083
53031,"Jefferson ",79.2480711389583
53003,"Asotin ",61.0916132928246
53047,"Okanogan ",118.45039191749
53033,"King ",6279.19187522061
53059,"Skamania ",23.5624608444042
53055,"San Juan ",45.4871969476879
53019,"Ferry ",19.2925496165921
53027,"Grays Harbor ",222.016125956689
53037,"Kittitas ",135.034610094427
55027,"Dodge ",0.96485068721
55105,"Rock ",1.64607207384333
55071,"Manitowoc ",0.8229137062
55013,"Burnett ",0.133618252483333
55025,"Dane ",5.58521559626
55127,"Walworth ",1.10342017613
55053,"Jackson ",0.195134113133333
55129,"Washburn ",0.169965472583333
55015,"Calumet ",0.25782604883
55067,"Langlade ",0.199329215806667
55113,"Sawyer ",0.16473629069
55035,"Eau Claire ",1.12718915208333
55121,"Trempealeau ",0.297772491983333
55095,"Polk ",0.45455378376
55087,"Outagamie ",2.05975614226
55033,"Dunn ",0.4881651298
55111,"Sauk ",0.72657103439
55049,"Iowa ",0.231619677396667
55099,"Price ",0.139686598583333
55065,"Lafayette ",0.159531113993333
55103,"Richland ",0.17345107503
55001,"Adams ",0.160322806576667
55045,"Green ",0.336532683323333
55041,"Forest ",0.0853550562933333
55009,"Brown ",2.71866939786333
55131,"Washington ",1.37638356674333
55019,"Clark ",0.348733848333333
55029,"Door ",0.270841534763333
55081,"Monroe ",0.4467157578
55115,"Shawano ",0.36948631092
55077,"Marquette ",0.141821025733333
55089,"Ozaukee ",0.901832496346667
55075,"Marinette ",0.44560068349
55003,"Ashland ",0.180673406606667
55101,"Racine ",2.13692949719667
55135,"Waupaca ",0.59936564149
55007,"Bayfield ",0.12798858489
55021,"Columbia ",0.560109542296667
55011,"Buffalo ",0.147786466763333
55093,"Pierce ",0.538845487663333
55107,"Rusk ",0.143086656326667
55051,"Iron ",0.0568329915366667
55091,"Pepin ",0.07552388065
55055,"Jefferson ",0.788072048933333
55069,"Lincoln ",0.32399598433
55117,"Sheboygan ",1.19124297861333
55085,"Oneida ",0.321084950156667
55123,"Vernon ",0.292201670046667
55017,"Chippewa ",0.630480566803333
55083,"Oconto ",0.35596246556
55023,"Crawford ",0.162591866363333
55043,"Grant ",0.573327186706667
55059,"Kenosha ",1.68615015646667
55125,"Vilas ",0.228694276023333
55079,"Milwaukee ",10.08472469645
55097,"Portage ",0.75629982422
55039,"Fond du Lac ",1.00792151745667
55078,"Menominee ",0.0386944614
55047,"Green Lake ",0.20079814228
55061,"Kewaunee ",0.213494736236667
55119,"Taylor ",0.183311404116667
55137,"Waushara ",0.216295202833333
55139,"Winnebago ",1.81727097054667
55005,"Barron ",0.454660579946667
55133,"Waukesha ",4.08319517567667
55073,"Marathon ",1.28285896135
55063,"La Crosse ",1.2454602418
55141,"Wood ",0.850473168556667
55057,"Juneau ",0.276630857866667
55109,"St. Croix ",0.808647375916667
55037,"Florence ",0.03652734887
55031,"Douglas ",0.481449601203333
54047,"McDowell ",0
54039,"Kanawha ",0
54025,"Greenbrier ",0
54053,"Mason ",0
54075,"Pocahontas ",0
54101,"Webster ",0
54005,"Boone ",0
54001,"Barbour ",0
54021,"Gilmer ",0
54011,"Cabell ",0
54045,"Logan ",0
54059,"Mingo ",0
54091,"Taylor ",0
54009,"Brooke ",0
54031,"Hardy ",0
54083,"Randolph ",0
54017,"Doddridge ",0
54029,"Hancock ",0
54003,"Berkeley ",0
54019,"Fayette ",0
54023,"Grant ",0
54107,"Wood ",0
54043,"Lincoln ",0
54061,"Monongalia ",0
54065,"Morgan ",0
54007,"Braxton ",0
54099,"Wayne ",0
54035,"Jackson ",0
54049,"Marion ",0
54037,"Jefferson ",0
54051,"Marshall ",0
54093,"Tucker ",0
54073,"Pleasants ",0
54033,"Harrison ",0
54097,"Upshur ",0
54095,"Tyler ",0
54089,"Summers ",0
54013,"Calhoun ",0
54103,"Wetzel ",0
54085,"Ritchie ",0
54077,"Preston ",0
54057,"Mineral ",0
54105,"Wirt ",0
54109,"Wyoming ",0
54015,"Clay ",0
54067,"Nicholas ",0
54063,"Monroe ",0
54055,"Mercer ",0
54069,"Ohio ",0
54027,"Hampshire ",0
54087,"Roane ",0
54071,"Pendleton ",0
54081,"Raleigh ",0
54041,"Lewis ",0
54079,"Putnam ",0
56023,"Lincoln ",0
56017,"Hot Springs ",0
56033,"Sheridan ",0
56019,"Johnson ",0
56035,"Sublette ",0
56029,"Park ",0
56013,"Fremont ",0
56045,"Weston ",0
56037,"Sweetwater ",0
56001,"Albany ",0
56025,"Natrona ",0
56039,"Teton ",0
56005,"Campbell ",0
56041,"Uinta ",0
56021,"Laramie ",0
56031,"Platte ",0
56011,"Crook ",0
56003,"Big Horn ",0
56015,"Goshen ",0
56027,"Niobrara ",0
56007,"Carbon ",0
56043,"Washakie ",0
56009,"Converse ",0
