"id","rate"
2180,129.048039847355
2270,90.3223761834276
2220,2.27905807593282
2070,65.6536464543042
2185,156.689891998856
2230,2.27905807593282
2261,146.017085819844
2050,223.76289024169
2105,2.27905807593282
2275,2.27905807593282
2240,104.245073597559
2130,204.723684656509
2110,2.27905807593282
2122,821.324989414724
2090,1513.3402803244
2060,15.3781950637451
2290,80.4453487127888
2188,100.295898973002
2170,1284.63340660801
2013,62.4486070821197
2016,96.0197706768717
2198,2.27905807593282
2100,37.0038808687218
2068,27.7369800355905
2164,21.4429053472869
2150,198.955525409807
2020,2.27905807593282
2282,2.27905807593282
2195,2.27905807593282
1133,0
1057,0
1101,0
1073,0
1079,0
1051,0
1005,0
1097,0
1013,0
1093,0
1029,0
1041,0
1119,0
1085,0
1127,0
1089,0
1049,0
1125,0
1009,0
1081,0
1067,0
1017,0
1019,0
1055,0
1033,0
1039,0
1007,0
1061,0
1003,0
1095,0
1031,0
1077,0
1025,0
1071,0
1099,0
1115,0
1047,0
1075,0
1083,0
1053,0
1037,0
1123,0
1121,0
1045,0
1069,0
1131,0
1059,0
1023,0
1043,0
1105,0
1107,0
1035,0
1103,0
1091,0
1111,0
1021,0
1011,0
1113,0
1117,0
1065,0
1129,0
1001,0
1063,0
1015,0
1109,0
1087,0
1027,0
5099,7.24277455690403
5143,190.912108014645
5117,6.19923405307398
5055,34.71808544976
5139,35.0886068125625
5039,6.62713231350977
5045,101.923860108209
5089,12.016844761314
5097,5.96788307267636
5101,6.32523141603924
5077,8.89045277461131
5105,9.18410977719751
5035,41.8189467489785
5093,38.2507908231063
5023,20.5696920645846
5027,21.677350054288
5065,11.5171070437568
5131,107.45847021747
5083,18.6541171071743
5115,55.5462699119292
5103,22.3688141987206
5071,20.4516040656623
5129,6.9319010147909
5007,177.715731104137
5113,16.3809606064785
5059,25.6228762025956
5019,22.82974217439
5085,61.2848591606683
5003,18.3137285058045
5057,17.1150350962999
5111,20.9028514683525
5025,6.75883058172673
5049,8.1837764995107
5069,67.7908274572284
5001,16.4955742041724
5079,12.932644455138
5015,22.9443988030221
5031,85.0067506700611
5147,6.09989782650263
5121,13.6013854880609
5061,12.4085734361291
5127,7.15031078757669
5091,37.2788093812524
5149,18.5379613361824
5123,26.2218418753313
5145,68.9342302755506
5095,6.55795244598239
5009,30.5604431503882
5107,17.285060049422
5109,8.79233807144425
5141,12.71037855506
5133,13.8679538210617
5053,14.0778406919128
5051,80.811584004566
5125,91.584432107118
5135,14.9945176616364
5005,30.1937140625181
5029,16.853348692632
5011,9.51645436933098
5119,335.328385143663
5047,14.8695558173752
5037,14.6295264684279
5033,52.7504068893908
5063,29.6255002414861
5067,13.9704313061148
5137,9.01514116420125
5013,3.6504366319108
5075,15.9001967564368
5073,5.74508414420371
5043,14.9562340076694
5041,11.5267084953337
5017,9.85697206351512
5087,12.3078282933585
5021,13.0589194370588
5081,11.0335073160844
0,0
0,0
0,0
0,0
0,0
4025,155.406056778686
4023,33.8929638264591
4007,35.9695300785946
4019,765.120818857705
4011,6.32395480711291
4005,113.047436604356
4015,142.3394259616
4009,27.5845617910314
4001,53.8332751531038
4013,3006.70782697621
4017,79.1803298192425
4003,102.073491526776
4027,140.519371311208
4012,12.8609602495454
4021,280.58871420709
6081,409.90597415898
6055,73.5198226795346
6009,23.4638185929671
6107,220.53198524529
6011,10.9330179051102
6099,271.55123322215
6067,778.762474355917
6053,218.267370463966
6079,154.238280214832
6047,130.593106930938
6089,89.2885320019617
6077,357.272176692387
6085,991.370388634773
6021,14.6657460541973
6113,118.431519001324
6027,10.2858573624552
6083,235.411051238939
6109,30.4412519166865
6101,48.6868707543831
6087,164.04314706159
6031,84.6081696271415
6097,268.220168794795
6057,50.7646561432903
6001,871.702993068174
6013,567.459499238358
6049,4.38639120078305
6063,9.87583934339557
6073,1747.42235534307
6019,486.932492326393
6071,1090.45491017523
6015,15.9950230044357
6045,46.9819461900158
6093,23.7741227999175
6003,0.637886856291666
6033,34.2592542659697
6041,136.299944610498
6105,7.33465412651386
6103,35.8767605455272
6091,1.61914209815848
6029,442.907579686547
6075,509.049578587708
6043,8.86092145268415
6095,228.827495452655
6035,21.5166827224467
6059,1670.59728919045
6111,447.77318854342
6007,121.372317528922
6051,7.82494001227824
6037,5500.11753265109
6039,78.2082618002784
6065,1137.60604302905
6115,37.8017079158094
6025,88.8453214367519
6069,28.6892086643574
6017,98.2505177278166
6023,77.9963417607315
6005,20.703686949218
6061,183.399883974773
8109,0
8014,0
8121,0
8001,0
8017,0
8049,0
8073,0
8101,0
8075,0
8063,0
8091,0
8053,0
8115,0
8051,0
8005,0
8047,0
8019,0
8083,0
8097,0
8071,0
8023,0
8099,0
8059,0
8043,0
8007,0
8011,0
8095,0
8055,0
8025,0
8081,0
8009,0
8107,0
8057,0
8029,0
8021,0
8061,0
8035,0
8069,0
8015,0
8077,0
8089,0
8033,0
8013,0
8065,0
8105,0
8039,0
8117,0
8103,0
8125,0
8111,0
8119,0
8067,0
8123,0
8079,0
8113,0
8037,0
8085,0
8031,0
8087,0
8093,0
8045,0
8003,0
8041,0
8027,0
9001,0
9003,0
9009,0
9005,0
9013,0
9015,0
9011,0
9007,0
11001,0
10003,756.819272373897
10005,266.99862571523
10001,217.5614122557
12029,65.6463815809285
12017,515.391291053242
12035,369.574743506582
12129,146.161455485
12031,3973.34522483873
12087,347.437101628859
12045,76.3293941992484
12097,1154.38799144317
12115,1405.20707183431
12003,119.673092095652
12081,1280.47795760546
12027,146.024832822062
12013,61.845213946451
12055,353.062658861735
12049,115.920402110782
12103,3923.95138980784
12133,102.400667132566
12111,1105.26681157547
12065,67.4682770393836
12073,1377.32896664264
12107,336.415370754707
12079,87.2423313916355
12085,557.209502702683
12019,821.963919069852
12117,1764.41793319766
12015,570.442840157913
12105,2487.65703453232
12075,155.842435085927
12121,176.075762475115
12047,73.7809382108601
12086,11248.6378690974
12083,1235.95017555302
12057,5653.23173193955
12099,5400.8403949082
12077,42.0463657354359
12071,2470.16456319448
12061,520.430402215044
12053,635.052390199926
12005,756.112203026974
12131,233.191194818739
12021,1221.22827214774
12059,79.4082870090479
12023,292.634959492801
12123,100.689244509245
12001,1239.29497178379
12051,171.327011357225
12039,204.864320080889
12067,34.2652954801009
12095,5536.02783136231
12011,7790.47664769254
12007,117.195891226441
12119,318.077224383838
12043,30.5467506223462
12089,318.560673013861
12063,234.62342130905
12069,1180.12781074235
12125,87.6064758233996
12033,1326.5819236903
12093,177.568080173701
12041,69.5179612450247
12109,817.72945258258
12037,52.0475929051197
12127,2090.4063165557
12091,824.715770414205
12101,1820.21706386525
12009,2284.24038353214
12113,683.34944299855
13205,33.987966110516
13289,11.0895529506371
13189,30.6787170712971
13091,29.2169460642398
13137,63.6609022884774
13307,3.15880923108685
13177,36.7696359363751
13255,88.2728042528609
13225,56.3721063632202
13027,16.5137590512144
13267,43.1094143808848
13209,13.5256456950674
13095,147.352477798649
13081,32.243705154051
13143,38.3863533102408
13173,11.0637938176413
13247,121.884707186262
13303,30.1795207365931
13241,21.7416039327984
13029,49.7050185785135
13045,188.824180150941
13103,81.9456075949574
13269,11.6905196666033
13159,24.4810757688046
13253,12.2642172476031
13281,14.7241511411597
13069,61.9307706361661
13057,342.483893975853
13107,34.2948107035089
13287,13.752631348437
13017,25.8513509732257
13077,186.399095883609
13261,47.9442320104197
13243,11.0728210033353
13075,24.3637903517666
13313,149.396971227677
13165,10.6803377271514
13065,9.78965931322234
13213,55.0264202747399
13097,201.354310152404
13113,157.224746412227
13019,29.1088918238452
13009,70.6399907132787
13191,19.8934904805527
13015,144.871209265448
13283,8.43500231241346
13145,45.7475730567223
13221,14.38884394891
13051,397.753206508572
13133,21.8452078878821
13227,41.0841195483409
13245,288.603593333497
13011,19.165896968898
13135,1116.79548087004
13309,12.1737648469499
13007,2.91760517406845
13111,32.8313303929787
13131,31.6147940227341
13047,69.4228751963156
13251,20.6336704682607
13025,23.4529684177605
13053,32.963884649819
13299,55.4077403220696
13249,6.77128964429756
13233,66.4686430955653
13073,199.166720589424
13117,183.743194684617
13089,1170.88057904675
13049,19.2407475790039
13185,178.481517786831
13317,15.2137387987277
13257,42.5550490456113
13231,26.5550283046005
13179,99.1704415803685
13139,261.391475009874
13101,1.49236964947432
13197,15.2673649711968
13291,26.7654414518702
13181,10.9068474016389
13121,1532.68820036829
13305,43.7602064724344
13293,36.3226143902586
13001,25.8217840091737
13265,2.54610717371853
13207,31.7070284132905
13315,15.4426119545604
13161,21.1799535414337
13149,13.5139619375836
13201,8.28418500378869
13171,26.603022451086
13217,142.821128360185
13271,28.1636915530484
13055,41.0908160788193
13311,38.6570211634748
13033,27.2558849335364
13023,20.5780630043862
13163,24.7349038174531
13239,3.39125809034392
13297,157.863519450824
13085,39.6061441567822
13301,7.48667886983883
13237,28.708394282544
13319,15.9938423944384
13035,41.5598170635579
13087,38.786274049547
13275,69.5512183296477
13285,99.3372733508866
13005,14.4548643301007
13153,198.062517580066
13037,11.550155135595
13127,112.99738190777
13043,15.0706520436699
13071,62.709678422863
13093,22.6384817958119
13155,11.3576040923816
13183,14.4695634020787
13115,133.269174776434
13279,39.2474366234349
13167,14.1497829692226
13021,251.094255733021
13229,26.5467045359737
13039,75.7989921665096
13199,27.8437141634134
13277,61.6593899869708
13195,38.1829602653004
13151,321.587736394848
13219,46.8838167134855
13119,35.4332630898626
13187,40.2136221700659
13321,24.2380873771594
13141,14.8749074869719
13109,16.1185558957046
13175,67.2034583557751
13003,13.2825705486507
13157,108.115383750823
13059,210.964799759752
13129,82.5248715496812
13079,8.70561623700563
13123,37.3612729973086
13169,23.8182130403843
13295,115.226641897802
13147,25.4856772661911
13031,109.731055377983
13105,29.8808193685131
13235,20.4803536843244
13099,13.9436747344034
13193,21.8712272851926
13259,10.7438023596651
13061,4.2124693794537
13223,150.91075758212
13013,107.667241426847
13273,13.1512308586128
13263,6.35405077680029
13063,320.629347054044
13125,4.53688298605817
13215,267.638725973382
13211,24.3067596406929
13083,22.7154965857606
13067,1054.04213431566
0,0
15009,0
15007,0
15003,0
15001,0
15005,0
19065,43.9165804902484
19019,48.3430297864577
19137,23.2857659611022
19073,19.6642119030037
19091,22.221571745648
19029,30.8138720978417
19037,27.1396093925252
19193,237.176194768475
19045,109.166436108976
19089,19.5469468374798
19161,21.9628790909827
19055,35.0207422010894
19175,28.7542504501713
19171,38.1776233630546
19145,35.2698504382661
19035,25.6730315796648
19197,28.4334040720361
19151,14.0523754093367
19121,32.8679577558428
19061,220.188479465385
19077,24.4543719545014
19189,27.0784310577113
19159,9.32364977924996
19057,89.0902637230366
19023,33.4816127957273
19069,20.6341135270715
19049,131.42740753076
19021,46.0089812223275
19079,33.3464216684174
19003,8.08233402221565
19125,75.4366565709142
19147,21.2166239175925
19081,22.0741562493133
19007,28.3105766549874
19181,105.461518331614
19115,24.3638641723787
19195,15.996588619311
19133,18.610946559672
19113,500.664963498667
19103,347.429906780445
19119,23.9105758318712
19011,55.8587948088122
19027,45.8646349991768
19185,12.7414379917481
19105,45.2119267532584
19013,316.877468970248
19179,81.6994275342175
19183,52.1252819501176
19127,89.230715923522
19111,81.002958608057
19005,32.0776293259228
19001,13.1105265655723
19191,47.8528574440317
19157,43.9649356653183
19149,51.5291349483094
19087,48.4604718530119
19141,0.376597936681587
19095,35.5553719299406
19117,18.8203689062813
19017,57.2599462621328
19051,18.40855906252
19063,22.7254748488454
19053,19.3011300662697
19107,24.7661611522594
19015,54.7850463037044
19025,20.5361340418851
19153,1058.91793148809
19109,31.1850846840287
19009,11.6902138092332
19163,388.002436934198
19167,74.0873777173921
19071,16.0706691994356
19067,34.1049275726878
19169,249.712835036276
19187,87.0590676876272
19031,36.7755040530366
19059,36.4858588139555
19083,39.8428490555557
19033,100.455202362399
19043,39.0423750772216
19131,24.0274530015203
19075,24.3442396538982
19165,24.3824342166364
19085,33.479741103982
19039,19.2279344912962
19093,14.4938272766943
19047,35.9131512677263
19129,34.6359758551612
19139,100.576014980487
19173,13.6570530232434
19123,46.9403267496379
19155,215.045560126597
19097,45.0663377569167
19101,40.046840859918
19143,13.6952664158784
19041,35.8586726102059
19135,16.247670229676
19177,17.2676104215907
19099,81.1696596847292
16065,387.92139075619
16003,36.3241146554452
16039,253.281918097714
16007,48.3462885376338
16019,920.689017935992
16027,1686.56706794662
16067,176.665285974917
16041,102.12237540147
16061,19.83233827181
16025,9.91465586104867
16073,91.4448455855698
16063,44.8174538574839
16057,414.625938147573
16029,58.466000784519
16047,127.222744445899
16059,70.4838488406031
16081,99.1837637721063
16043,108.842263471109
16075,184.248871847411
16015,46.2362636773379
16023,25.0850528686107
16013,208.128303223657
16033,7.95896975049492
16049,153.549630404195
16085,99.2554379721203
16009,88.6929629021161
16037,39.8814722737966
16055,1303.39859837332
16005,799.280275488155
16071,34.4907439529768
16001,3809.35028741393
16011,375.354392068905
16053,199.517066153265
16069,351.332422429675
16083,694.623821983312
16045,139.956493793869
16051,224.288565414522
16079,114.513834205419
16087,87.1225963125588
16021,97.0450478319583
16031,190.461858696991
16017,363.041226131765
16035,84.637172288658
16077,60.8773201972729
17037,0
17175,0
17057,0
17159,0
17135,0
17125,0
17023,0
17001,0
17015,0
17111,0
17061,0
17019,0
17147,0
17055,0
17071,0
17157,0
17131,0
17117,0
17085,0
17031,0
17007,0
17191,0
17167,0
17043,0
17177,0
17163,0
17149,0
17161,0
17139,0
17103,0
17075,0
17201,0
17179,0
17013,0
17107,0
17203,0
17091,0
17109,0
17017,0
17151,0
17069,0
17027,0
17193,0
17035,0
17105,0
17053,0
17181,0
17129,0
17165,0
17093,0
17113,0
17141,0
17115,0
17095,0
17039,0
17079,0
17123,0
17047,0
17041,0
17199,0
17143,0
17187,0
17169,0
17081,0
17099,0
17063,0
17011,0
17185,0
17195,0
17083,0
17089,0
17009,0
17051,0
17153,0
17145,0
17119,0
17097,0
17101,0
17029,0
17183,0
17127,0
17121,0
17033,0
17049,0
17021,0
17059,0
17065,0
17087,0
17155,0
17025,0
17133,0
17189,0
17171,0
17077,0
17005,0
17003,0
17045,0
17197,0
17173,0
17137,0
17067,0
17073,0
18055,0
18047,0
18149,0
18159,0
18121,0
18157,0
18057,0
18087,0
18079,0
18117,0
18103,0
18135,0
18173,0
18041,0
18165,0
18067,0
18183,0
18001,0
18015,0
18027,0
18153,0
18141,0
18095,0
18011,0
18175,0
18171,0
18019,0
18053,0
18119,0
18039,0
18059,0
18003,0
18099,0
18091,0
18009,0
18105,0
18023,0
18033,0
18063,0
18013,0
18151,0
18143,0
18163,0
18075,0
18049,0
18035,0
18045,0
18085,0
18137,0
18181,0
18007,0
18101,0
18093,0
18037,0
18139,0
18125,0
18177,0
18069,0
18005,0
18161,0
18113,0
18089,0
18179,0
18073,0
18111,0
18147,0
18077,0
18169,0
18021,0
18051,0
18065,0
18133,0
18083,0
18017,0
18081,0
18097,0
18107,0
18131,0
18031,0
18109,0
18127,0
18071,0
18155,0
18145,0
18025,0
18115,0
18029,0
18129,0
18123,0
18043,0
18061,0
18167,0
20131,0
20101,0
20079,0
20187,0
20173,0
20015,0
20181,0
20117,0
20053,0
20135,0
20209,0
20109,0
20033,0
20107,0
20111,0
20147,0
20185,0
20047,0
20061,0
20195,0
20159,0
20177,0
20105,0
20143,0
20099,0
20133,0
20205,0
20179,0
20081,0
20197,0
20157,0
20017,0
20191,0
20097,0
20059,0
20073,0
20093,0
20049,0
20127,0
20019,0
20165,0
20055,0
20103,0
20207,0
20151,0
20139,0
20089,0
20201,0
20175,0
20161,0
20021,0
20041,0
20057,0
20045,0
20141,0
20153,0
20065,0
20145,0
20031,0
20095,0
20199,0
20043,0
20025,0
20113,0
20005,0
20039,0
20037,0
20119,0
20009,0
20183,0
20007,0
20083,0
20087,0
20011,0
20163,0
20069,0
20003,0
20121,0
20051,0
20171,0
20169,0
20063,0
20029,0
20115,0
20123,0
20013,0
20077,0
20129,0
20071,0
20149,0
20035,0
20189,0
20137,0
20023,0
20001,0
20167,0
20027,0
20193,0
20091,0
20125,0
20075,0
20067,0
20085,0
20155,0
20203,0
21125,0
21001,0
21215,0
21239,0
21115,0
21187,0
21081,0
21143,0
21093,0
21157,0
21003,0
21231,0
21141,0
21037,0
21073,0
21225,0
21031,0
21099,0
21045,0
21017,0
21229,0
21105,0
21197,0
21041,0
21035,0
21059,0
21203,0
21089,0
21043,0
21199,0
21137,0
21163,0
21069,0
21075,0
21219,0
21159,0
21175,0
21095,0
21007,0
21049,0
21071,0
21085,0
21129,0
21023,0
21119,0
21053,0
21065,0
21015,0
21051,0
21133,0
21055,0
21057,0
21195,0
21235,0
21013,0
21155,0
21209,0
21087,0
21039,0
21233,0
21149,0
21185,0
21165,0
21019,0
21011,0
21107,0
21097,0
21211,0
21161,0
21101,0
21189,0
21077,0
21139,0
21205,0
21217,0
21067,0
21173,0
21167,0
21063,0
21177,0
21213,0
21207,0
21029,0
21009,0
21061,0
21005,0
21091,0
21153,0
21191,0
21181,0
21169,0
21103,0
21083,0
21147,0
21025,0
21079,0
21145,0
21121,0
21179,0
21123,0
21113,0
21223,0
21151,0
21033,0
21227,0
21021,0
21027,0
21193,0
21183,0
21237,0
21131,0
21117,0
21047,0
21127,0
21111,0
21171,0
21201,0
21109,0
21135,0
21221,0
22051,0
22031,0
22077,0
22081,0
22071,0
22055,0
22033,0
22087,0
22053,0
22119,0
22045,0
22037,0
22059,0
22041,0
22025,0
22073,0
22023,0
22111,0
22057,0
22127,0
22113,0
22083,0
22085,0
22117,0
22017,0
22089,0
22063,0
22039,0
22067,0
22029,0
22011,0
22027,0
22061,0
22115,0
22069,0
22043,0
22001,0
22019,0
22005,0
22049,0
22091,0
22007,0
22015,0
22093,0
22103,0
22095,0
22101,0
22107,0
22003,0
22121,0
22097,0
22109,0
22075,0
22013,0
22099,0
22123,0
22065,0
22035,0
22079,0
22125,0
22021,0
22105,0
22047,0
22009,0
25003,0
25019,0
25007,0
25001,0
25027,0
25011,0
25013,0
25017,0
25023,0
25021,0
25015,0
25005,0
25009,0
25025,0
24015,19.3740715906336
24033,0.0303319507573286
24045,19.2817923935251
24510,128.740557194814
24031,189.717688271996
24001,14.986992906955
24023,5.10868337518318
24011,6.41150981705818
24005,152.615198102718
24037,0.0303319507573286
24027,57.2745219810151
24025,46.6976685332606
24013,30.0474531351588
24041,6.43786524907121
24021,47.4518188012887
24043,27.8788994344363
24009,17.2808342468782
24017,28.5397692476614
24047,9.12798563933168
24035,0.0303319507573286
24003,101.952324642805
24019,5.86289734030791
24039,5.61392025239195
24029,4.50655199123866
23017,0
23005,0
23011,0
23019,0
23025,0
23029,0
23015,0
23001,0
23003,0
23021,0
23009,0
23031,0
23013,0
23023,0
23007,0
23027,0
26097,1.29434777513929
26145,26.3149354263613
26079,2.24169969447134
26025,17.9339763301275
26049,58.031400333075
26077,34.6197182405372
26165,4.48467847915269
26087,11.2278413740899
26109,2.9980601892623
26067,8.66003203186352
26069,3.27981856832779
26113,1.63113265810668
26021,21.8614471528434
26005,12.8063045857759
26131,0.844634515416169
26053,2.18357387316323
26101,3.24651054245484
26071,1.42602386754395
26099,113.33051884173
26063,4.15375630831626
26135,0.861014837501309
26083,0.236027458696562
26149,7.894435601349
26023,5.98544040594109
26031,2.79918147242957
26011,2.28637224305873
26163,242.251988840977
26033,5.51683558675416
26065,43.9306599001234
26107,5.83179733885724
26151,5.43036844255191
26003,1.28679252949811
26043,3.36838393727859
26015,6.39076600535086
26139,36.1068025154806
26093,20.1867634111011
26117,8.74995487298334
26129,2.3766583544116
26141,1.79884464082545
26103,9.61695688627578
26061,5.16555865477431
26155,9.95578637556372
26119,1.34656652529568
26123,5.35804256656211
26019,1.97025801775633
26037,7.35407791274616
26089,1.9593861816413
26029,3.44877626432349
26073,10.5202363958109
26137,3.06822044063223
26091,13.3210559219825
26057,6.21233701241959
26115,19.5896173471993
26111,10.6404110124079
26075,21.669014490798
26153,1.11841839149385
26085,1.23052720304094
26035,4.34413962666993
26059,6.05773139765243
26127,3.44853961110113
26143,3.31161408079414
26161,51.1980034378675
26017,13.8701824845807
26157,7.69168925164386
26105,3.56329230641903
26121,22.9611509902864
26055,12.6421904211092
26081,83.2090047056436
26009,2.81280701319204
26013,1.07472475605371
26041,4.91606435724875
26001,1.21541821910394
26125,167.380975705924
26051,3.28402147787646
26147,21.9004546668777
26133,3.41926373408046
26039,1.51432071368468
26045,15.678483348888
26159,10.5241083353843
26027,5.52365481718696
26095,0.926249299552348
26047,4.55576230256145
26007,3.82792401210847
27109,0
27083,0
27087,0
27121,0
27111,0
27165,0
27131,0
27031,0
27047,0
27079,0
27097,0
27141,0
27107,0
27051,0
27075,0
27073,0
27163,0
27077,0
27159,0
27119,0
27053,0
27029,0
27167,0
27039,0
27139,0
27001,0
27105,0
27133,0
27101,0
27071,0
27147,0
27059,0
27117,0
27043,0
27161,0
27089,0
27115,0
27063,0
27065,0
27149,0
27135,0
27035,0
27017,0
27085,0
27151,0
27037,0
27015,0
27095,0
27171,0
27019,0
27125,0
27005,0
27157,0
27169,0
27055,0
27155,0
27069,0
27045,0
27093,0
27145,0
27027,0
27091,0
27041,0
27137,0
27067,0
27011,0
27081,0
27123,0
27033,0
27023,0
27025,0
27007,0
27099,0
27153,0
27143,0
27173,0
27061,0
27009,0
27127,0
27129,0
27057,0
27003,0
27013,0
27113,0
27103,0
27021,0
27049,0
29085,201.145055743686
29133,370.947326949938
29019,4548.2817467131
29021,2304.24428150657
29047,5702.8923126283
29093,267.673958761799
29121,353.867917146011
29223,335.477273261502
29035,164.145056831145
29059,399.992691144488
29107,798.759471771103
29185,190.405289927238
29057,178.73705439254
29097,3261.77878817246
29125,172.871734735752
29027,1117.68846248986
29155,404.672259558031
29089,233.692658242285
29051,1951.97288420808
29167,741.509545920137
29139,306.225472123095
29029,1026.10414433682
29087,113.720976274727
29229,487.135973469681
29129,74.1660371603384
29075,152.245677063943
29157,445.234993881702
29221,579.479583941726
29063,183.598829129246
29091,938.146673433927
29045,151.014165697683
29011,265.842401893531
29003,293.960646929012
29123,292.174770739105
29197,85.1042557325134
29153,252.815980485361
29186,389.036001689322
29053,434.273537747057
29037,2329.67332486816
29103,90.7659587308003
29211,164.97640545497
29041,149.372441839747
29009,879.093036067328
29183,9060.5446757625
29151,285.939437587602
29145,927.068115873363
29141,478.292551640116
29117,355.358934487688
29043,1865.31906042094
29023,985.605283518191
29119,533.263249974886
29001,690.337533630814
29213,1253.63940463711
29163,453.238010396428
29005,128.242307812815
29187,1714.34854956284
29039,301.340300934603
29105,851.786477102812
29127,726.632302314131
29069,736.203913879086
29179,141.260586143538
29143,388.505033317462
29109,827.847616913995
29195,574.161637978682
29175,677.448630925672
29007,561.130648502677
29115,314.475640968914
29079,221.934094131419
29203,174.580430440397
29061,181.416961041449
29065,358.56814117064
29073,381.897819721777
29101,1346.83772046244
29077,7062.68682125616
29095,16947.6086137694
29189,25221.7274023065
29113,1221.91782797025
29217,475.322473377798
29025,223.05775937442
29199,100.977973684036
29207,725.505220950834
29015,421.670278309819
29149,234.461245586277
29161,1192.25688684305
29201,1020.23640161796
29227,49.5594446208823
29071,2711.18702966842
29173,169.908409269365
29067,247.621928466496
29137,215.958068343684
29033,217.295201382781
29081,199.244977857876
29165,2251.08754304833
29225,957.170133741876
29181,328.736830974323
29055,539.767304682133
29147,639.804097502634
29135,348.948108086623
29177,493.452022393731
29049,647.011197711009
29219,766.062036647483
29031,1884.34526156959
29099,4892.51310628622
29205,157.36671944209
29131,531.571039036779
29209,639.284807495502
29171,106.072799325038
29159,984.738621743875
29017,267.217588923816
29169,1513.39384321976
29111,250.337068821235
29215,599.270002978177
29510,8288.59213550163
29083,557.160163384269
29013,367.088898521666
0,0
0,0
0,0
0,0
28013,35.4790195629976
28133,80.90227318762
28119,20.1326222080561
28143,28.5727815021273
28161,40.215013331305
28043,56.7180156944347
28097,29.7830435097425
28039,69.8005925901509
28049,659.154691435188
28127,70.9197261232198
28113,104.894918678075
28085,79.639477641357
28123,74.5361250133474
28025,54.0229827947861
28093,106.889087191689
28021,30.2821035834672
28101,48.8537347067683
28159,44.532951538278
28149,127.068676895063
28033,418.613835907473
28069,24.93935983175
28035,190.920147389205
28109,148.16835107472
28083,87.7873961662382
28147,43.3387853489767
28071,134.602344306768
28103,29.482887254529
28105,143.801975902816
28061,48.5681449962602
28153,51.4026621728207
28163,75.2952214044926
28081,210.664355459302
28053,23.8823199332381
28129,35.9854654302107
28045,99.1281133351536
28065,28.4125922275065
28155,35.5464741986119
28057,58.2353156885011
28111,28.4876761443067
28031,52.0789300297019
28095,100.754850369927
28063,16.350391109127
28055,2.72558846981826
28141,46.8561274633928
28041,27.8118482739666
28001,85.359148892114
28135,39.8577314449047
28079,62.9388230719154
28007,51.3744005130636
28029,83.2116771068316
28037,19.4451111999534
28015,19.7052543102236
28139,63.1155524231051
28121,378.365977367299
28075,217.136454955666
28151,130.453262682102
28017,47.9251666065023
28125,13.3080465035305
28059,337.315621821844
28077,31.7215943072078
28117,71.5437893634306
28145,65.4465626716774
28009,23.0326418469374
28005,27.9790303443888
28011,92.5932153714245
28131,56.7854489714791
28073,182.892815078544
28107,91.1493034237047
28137,76.4051750241972
28099,79.484576748656
28115,67.244680871725
28051,47.8217227805232
28019,16.4833781090602
28023,38.0310482934066
28087,160.344115709522
28091,69.2231721949958
28027,64.7373385413641
28089,253.073009260693
28047,535.16168705827
28157,28.8013993631522
28067,169.862489788352
28003,93.1125789017431
30037,0
30035,0
30071,0
30093,0
30095,0
30033,0
30049,0
30105,0
30077,0
30007,0
30061,0
30051,0
30101,0
30059,0
30111,0
30011,0
30073,0
30039,0
30021,0
30081,0
30029,0
30043,0
30053,0
30005,0
30083,0
30091,0
30063,0
30069,0
30015,0
30027,0
30103,0
30023,0
30057,0
30065,0
30099,0
30085,0
30067,0
30109,0
30009,0
30087,0
30017,0
30097,0
30001,0
30089,0
30003,0
30075,0
30025,0
30047,0
30079,0
30055,0
30107,0
30045,0
30019,0
30041,0
30013,0
30031,0
37141,124.567214850933
37075,22.2336470262334
37111,118.335024107991
37005,29.1326204969371
37035,430.086749860574
37013,126.714596999965
37061,148.846478720191
37167,163.365726124233
37097,410.298553203562
37063,743.412576474404
37147,488.328137752968
37101,368.399503944809
37043,26.5777099988688
37015,47.5053222188392
37119,2597.14968227734
37199,45.7659185574868
37155,381.902168429702
37115,56.8928192309757
37081,1338.15034691518
37039,66.011298951747
37173,42.4476238802698
37183,2637.46048103373
37131,54.9405806767929
37159,322.179866868305
37073,32.3739202332752
37121,46.9040091840643
37157,258.826764000201
37195,210.770123862077
37181,118.539331846153
37047,150.987834956636
37001,413.799604169768
37053,64.8767202559019
37095,14.4490512553067
37171,198.582849423355
37105,177.55934917928
37151,383.898117144741
37023,211.372010186633
37133,507.476712878062
37067,994.499648156598
37033,46.7772739231527
37021,630.288654557189
37071,558.24382038808
37099,106.61404659074
37193,164.88850693361
37179,513.316302039229
37065,133.37075464559
37051,828.430096328747
37177,12.3922488916671
37123,64.7511910268259
37113,82.923101187889
37091,75.9477485319972
37137,28.6792714313331
37045,250.567874977006
37031,185.788337955454
37107,151.590464434612
37007,72.3823956853216
37175,78.4060023729948
37019,271.584325880071
37135,399.026907476859
37143,32.8926795395915
37187,31.7978829079543
37117,63.9297644422977
37127,271.619343269211
37083,149.446475311765
37069,149.772537059632
37161,184.675773587198
37197,101.57135995125
37057,356.691338392516
37059,104.418754402384
37125,200.890107229229
37017,82.0042960258254
37089,267.879744301849
37077,147.686433218298
37189,167.048374060094
37153,119.153036433379
37011,34.663342357075
37025,478.788880319332
37085,318.044604527078
37037,122.721017919865
37163,148.714511659204
37027,214.522144108026
37087,148.603985636026
37149,49.7785690776338
37003,96.3758045300182
37041,36.7553404666745
37093,101.477977415818
37145,118.39170760426
37049,277.69074109166
37009,70.6697752732177
37109,205.414280864679
37103,14.9936425744941
37055,94.2532989108891
37029,24.2998428490988
37079,48.7715622211213
37165,94.0034040186627
37139,109.921155747342
37191,329.206722179483
37185,47.0734269308164
37129,574.211843260662
37169,126.312190039639
38083,0
38091,0
38101,0
38003,0
38095,0
38049,0
38061,0
38035,0
38067,0
38099,0
38039,0
38055,0
38081,0
38065,0
38005,0
38071,0
38085,0
38001,0
38089,0
38019,0
38051,0
38057,0
38079,0
38023,0
38013,0
38097,0
38073,0
38077,0
38015,0
38037,0
38047,0
38045,0
38009,0
38063,0
38025,0
38011,0
38033,0
38043,0
38029,0
38017,0
38069,0
38093,0
38041,0
38103,0
38059,0
38087,0
38007,0
38021,0
38031,0
38053,0
38105,0
38027,0
38075,0
31183,0
31051,0
31123,0
31063,0
31127,0
31087,0
31163,0
31005,0
31043,0
31149,0
31055,0
31073,0
31079,0
31161,0
31129,0
31029,0
31009,0
31103,0
31105,0
31093,0
31035,0
31095,0
31135,0
31037,0
31065,0
31181,0
31021,0
31057,0
31001,0
31067,0
31083,0
31153,0
31011,0
31077,0
31137,0
31033,0
31007,0
31115,0
31113,0
31053,0
31171,0
31157,0
31023,0
31121,0
31031,0
31143,0
31125,0
31061,0
31165,0
31179,0
31085,0
31039,0
31097,0
31017,0
31147,0
31167,0
31059,0
31049,0
31089,0
31139,0
31173,0
31025,0
31117,0
31155,0
31047,0
31151,0
31045,0
31159,0
31027,0
31075,0
31145,0
31133,0
31177,0
31175,0
31109,0
31015,0
31091,0
31081,0
31111,0
31101,0
31003,0
31041,0
31119,0
31071,0
31099,0
31141,0
31169,0
31185,0
31069,0
31107,0
31013,0
31019,0
31131,0
33019,0
33013,0
33009,0
33003,0
33011,0
33005,0
33001,0
33015,0
33007,0
33017,0
34005,898.107622334794
34007,1072.1071867475
34027,975.903262189873
34029,1032.65614449122
34015,561.582819162046
34017,1413.61284626668
34013,1611.43991779647
34021,812.611686865881
34001,553.063395707179
34025,1299.33087986752
34037,312.018243526433
34033,123.76380276307
34003,1824.78132810724
34031,1020.04312469715
34041,228.383459165374
34011,323.948024855453
34039,1138.35580789148
34023,1663.95279944114
34035,582.185368189437
34019,268.501797774373
34009,188.289780405315
35001,1668.90329688846
35027,48.2689482153772
35061,182.004199286634
35023,11.1338170767604
35011,0.396757647679564
35006,73.089991594493
35015,127.242030469051
35045,304.357151901542
35033,11.4970010922933
35029,53.5354497170286
35043,322.378864250537
35021,1.40218120266435
35009,116.684872860157
35025,153.376214699539
35041,48.6505179803036
35053,43.7979775379351
35017,66.7997085614988
35057,33.0260312088938
35047,71.7750216903652
35013,489.398919803657
35007,32.2601778567309
35051,24.2378691506739
35003,8.82183091220204
35037,20.4017821258957
35059,11.1703901967235
35055,82.2369614313918
35028,43.5854146281908
35035,169.005355438156
35019,11.8233937711569
35031,161.048860890696
35005,150.821103383635
35049,361.109318214708
35039,112.425254981634
32021,0
32019,0
32015,0
32007,0
32003,0
32031,0
32005,0
32023,0
32033,0
32510,0
32027,0
32029,0
32009,0
32001,0
32011,0
32017,0
32013,0
36105,0.0658902823824947
36011,0.0649710553921572
36051,0.0576728637280275
36007,0.17252696061867
36009,0.0621565824193145
36005,1.15196868285243
36121,0.0366801553649171
36001,0.251342180939522
36107,0.0418799936101902
36017,0.0412720028213891
36041,0.00333838225222788
36027,0.256841621893882
36067,0.387835054466753
36057,0.0465294945620964
36097,0.0146085986950605
36115,0.0560831137632478
36073,0.0356594185965724
36003,0.0402015630650407
36065,0.194543722567076
36021,0.0495968538559488
36043,0.0502841952627069
36013,0.10971683477118
36037,0.0503717800019083
36019,0.0725560192362151
36113,0.0541192678573081
36087,0.242702316180468
36015,0.0722576841344101
36033,0.0474711869621424
36071,0.298607143376402
36023,0.0436718430504897
36109,0.0992691356711893
36045,0.1002499041961
36055,0.62882635780148
36063,0.18015341063925
36119,0.775083812604185
36123,0.0207719023595563
36081,1.98144466637889
36069,0.0888207215448228
36049,0.0206599308269212
36099,0.0274556986224682
36029,0.77178071031258
36103,1.23666588723329
36075,0.10684095741035
36031,0.0320077709059427
36059,1.10853160146927
36039,0.0418009625570938
36089,0.0955115495661906
36111,0.165330265417346
36077,0.0530702575879114
36093,0.14387017080959
36035,0.0413757455588607
36095,0.0278592904002725
36091,0.182323941776461
36101,0.0787354715783393
36079,0.0856295122261584
36025,0.0357465359721651
36083,0.138599718050739
36047,2.15550356767905
36085,0.399349072267908
36053,0.0692185224449555
36117,0.0796993777307657
36061,1.50618085365068
39043,24.6642713202136
39089,47.2510305097031
39157,28.2422495446651
39113,173.497640953833
39159,13.6640833970974
39005,15.8313178337534
39007,31.7175617785979
39129,17.9193767082219
39021,12.3449273361022
39071,13.0396423055315
39175,7.35784069145267
39009,26.1362470251637
39155,62.8673398423559
39135,12.8208958213508
39151,117.024899065923
39065,10.5131120986803
39025,65.5001653723694
39015,12.2932913438519
39059,12.340441552368
39055,26.4152638956439
39143,20.6051787626274
39145,25.7146093690391
39057,48.9891457130194
39073,8.48624280340294
39127,12.4073314537367
39027,14.8625094398983
39001,9.63489062338272
39111,4.25305041925739
39115,3.9803260923461
39047,8.1281600413633
39017,116.941042863351
39139,38.517013192217
39117,8.12487808405764
39061,262.768255396757
39147,19.6556116978875
39169,37.0861542809537
39039,11.8967779533683
39093,92.1792922081802
39035,405.442330764367
39121,3.65434570846546
39041,55.4608497704069
39107,12.1338812602967
39091,15.0856203049785
39023,42.1695388783529
39163,3.25463911737042
39051,14.8326560747578
39053,10.069408202101
39133,56.8712823996763
39003,35.6463783824879
39079,10.3769878949827
39031,10.2399633719434
39081,22.8617636452719
39123,12.0820805070564
39173,42.2369679511349
39125,5.54273058611093
39171,12.1007576700572
39167,19.8172070324681
39063,21.7246414431537
39049,400.438469614588
39161,7.19180395148499
39019,6.86798331383255
39045,41.8018056111431
39137,10.9191112333443
39099,73.2687638835503
39075,11.5571167962613
39037,15.8931710477681
39085,72.3630885344344
39101,21.8678197636651
39077,18.9478239895975
39069,8.44518620103759
39029,35.0140466167595
39141,25.7906151950286
39153,174.090338774785
39131,8.00540902303758
39119,28.5902369978709
39013,22.0499163643434
39033,13.7225000947354
39109,30.5603458770416
39105,6.87954514850618
39149,14.2068923044082
39097,16.8094247665773
39083,19.1698381483975
39011,13.5837973560393
39087,19.3549392141877
39165,62.1556886673835
39067,4.4255220195625
39103,53.7273152286702
39095,140.260384504791
40001,0
40061,0
40129,0
40025,0
40037,0
40141,0
40145,0
40083,0
40115,0
40119,0
40045,0
40143,0
40095,0
40007,0
40065,0
40027,0
40035,0
40135,0
40105,0
40015,0
40089,0
40137,0
40085,0
40019,0
40069,0
40067,0
40117,0
40041,0
40009,0
40111,0
40091,0
40059,0
40079,0
40121,0
40101,0
40107,0
40123,0
40051,0
40073,0
40033,0
40021,0
40131,0
40063,0
40003,0
40055,0
40075,0
40103,0
40093,0
40047,0
40125,0
40017,0
40139,0
40133,0
40151,0
40099,0
40081,0
40113,0
40109,0
40005,0
40049,0
40043,0
40127,0
40057,0
40039,0
40153,0
40013,0
40053,0
40071,0
40029,0
40147,0
40011,0
40077,0
40149,0
40087,0
40097,0
40031,0
40023,0
41037,0.34488102601894
41051,36.1616710338142
41015,0.899529402068601
41041,1.98582323551467
41057,1.07093846840353
41045,1.33762351102842
41001,0.6750839387741
41021,0.0782302207923999
41053,3.21897575831564
41023,0.302168970591301
41059,3.32200589266299
41043,5.36445180251614
41005,16.7658604413212
41035,2.82761728383773
41047,13.9217111071186
41065,1.04269621870022
41031,1.11156615101953
41017,6.98724934414532
41019,4.50718360339793
41027,0.999610074646384
41067,25.0644334244985
41039,16.5085198298481
41061,1.12728241428006
41025,0.316838362328343
41069,0.0576805018294407
41029,8.79485906465857
41049,0.474434764751078
41011,2.69966664821452
41063,0.292762840043781
41009,2.26575634933324
41007,1.61669564437687
41071,4.40011237486411
41013,0.870889854386954
41055,0.0724966458676273
41003,4.03575365688365
41033,3.47694013914737
42005,15.0391151002501
42075,41.1776784120397
42007,50.8822223534409
42049,90.2894838870546
42065,14.1697968960434
42083,0.0506098734172256
42051,41.3178707979977
42077,113.247074946926
42095,90.6821243948028
42053,2.80824976595223
42003,388.597667571392
42113,1.72060056782365
42093,5.68158332302027
42057,4.42719179933888
42091,248.015053172091
42099,15.3164617614651
42033,24.5008510885498
42071,158.20385232668
42039,28.3819157926333
42067,7.03392873840449
42117,13.2411775848576
42019,59.0975900012917
42119,15.8244983476905
42031,13.8527285695782
42023,1.51934281469904
42069,66.6142908771118
42013,40.0248016907546
42037,23.3516795160978
42131,10.1803992274167
42041,82.4171449002381
42125,65.9402868024957
42127,14.8573649228342
42001,29.0068662474398
42121,16.0612285610932
42027,57.3533298237445
42105,5.17243078908601
42115,12.8549736408108
42081,37.3518690616543
42079,99.7719309538527
42111,24.3356548946299
42059,12.7056623678603
42029,164.438978609708
42045,175.70708017562
42089,54.4574981535476
42011,127.914820363127
42085,33.9382381606497
42101,504.05936073743
42009,14.7394545458455
42103,18.5262978363906
42043,84.3426618089358
42129,120.424065145012
42055,42.0971403727294
42087,14.1200737076085
42097,29.0430862155483
42109,11.2171561490344
42021,45.008548243668
42025,20.4122818546658
42123,12.257905683566
42015,18.8472570499242
42035,11.9318343667185
42107,46.2442146202835
42073,30.0354441074146
42061,14.782914762445
42047,9.73026944615781
42063,31.2281821772003
42133,136.681369008192
42017,194.241235194859
0,0
0,0
0,0
0,0
0,0
0,0
0,0
0,0
0,0
0,0
0,0
0,0
0,0
0,0
0,0
0,0
0,0
0,0
0,0
0,0
0,0
0,0
0,0
0,0
0,0
0,0
0,0
0,0
0,0
0,0
0,0
0,0
0,0
0,0
0,0
0,0
0,0
0,0
0,0
0,0
0,0
0,0
0,0
0,0
0,0
0,0
0,0
0,0
0,0
0,0
0,0
0,0
0,0
0,0
0,0
0,0
0,0
0,0
0,0
0,0
0,0
0,0
0,0
0,0
0,0
0,0
0,0
0,0
0,0
0,0
0,0
0,0
0,0
0,0
0,0
0,0
0,0
0,0
44007,0
44009,0
44005,0
44001,0
44003,0
45001,3.21794528735332
45089,5.05442984959589
45015,22.8566467537487
45033,5.08331995327809
45059,9.56376259111103
45017,1.71956961378502
45023,5.32655812442699
45013,24.1904771239472
45083,44.6574889823894
45077,22.2228721501978
45011,3.64905664227497
45009,2.50441506767627
45021,8.00288788068795
45003,23.9561345405266
45037,5.79667901969236
45029,5.68869471445068
45031,10.5230830729832
45005,1.72029495306431
45081,1.86472794373155
45067,4.8402457180857
45025,7.02205647526409
45075,15.1816511491999
45085,17.6060683054684
45049,3.98094911040959
45069,4.8380171170165
45047,10.7557824304247
45039,3.69443493987263
45055,10.696055870218
45063,44.0640150437202
45073,11.5092681730876
45087,4.39389476323183
45091,36.8308219445149
45057,12.5244980334368
45053,3.82958570140469
45027,4.97526192840817
45071,6.21751885899912
45079,65.2462879865375
45045,77.6557385495123
45041,23.2757436135932
45043,7.96463229108765
45065,1.72836647907411
45007,26.9168563215227
45051,44.9611700313913
45035,30.1221635900902
45061,2.81319900996608
45019,58.7566722995416
46055,0
46135,0
46043,0
46129,0
46091,0
46093,0
46019,0
46027,0
46037,0
46115,0
46075,0
46099,0
46079,0
46049,0
46071,0
46117,0
46067,0
46039,0
46105,0
46077,0
46085,0
46121,0
46125,0
46023,0
46065,0
46021,0
46029,0
46097,0
46059,0
46107,0
46051,0
46101,0
46035,0
46031,0
46083,0
46073,0
46011,0
46061,0
46081,0
46007,0
46005,0
46137,0
46103,0
46015,0
46057,0
46069,0
46033,0
46095,0
46025,0
46119,0
46111,0
46063,0
46047,0
46045,0
46089,0
46053,0
46041,0
46127,0
46113,0
46009,0
46003,0
46123,0
46013,0
46109,0
46087,0
46017,0
47073,0
47069,0
47045,0
47041,0
47027,0
47057,0
47025,0
47183,0
47117,0
47087,0
47051,0
47127,0
47163,0
47109,0
47037,0
47053,0
47023,0
47181,0
47143,0
47033,0
47101,0
47133,0
47185,0
47017,0
47031,0
47089,0
47171,0
47029,0
47049,0
47007,0
47137,0
47151,0
47091,0
47125,0
47099,0
47063,0
47139,0
47135,0
47095,0
47115,0
47105,0
47175,0
47173,0
47179,0
47189,0
47187,0
47081,0
47011,0
47155,0
47071,0
47055,0
47009,0
47077,0
47093,0
47169,0
47119,0
47157,0
47167,0
47035,0
47065,0
47107,0
47061,0
47145,0
47059,0
47075,0
47097,0
47159,0
47083,0
47021,0
47103,0
47003,0
47129,0
47039,0
47153,0
47149,0
47067,0
47047,0
47141,0
47043,0
47165,0
47015,0
47005,0
47111,0
47085,0
47177,0
47147,0
47131,0
47019,0
47123,0
47001,0
47013,0
47161,0
47121,0
47079,0
47113,0
48073,3.95541355202647
48415,1.59244271932927
48483,0.487589753790463
48105,0.344661972697222
48343,1.2071135622252
48077,0.67253736985259
48449,2.83519749933278
48131,1.13251505967598
48427,5.19921177472121
48081,0.255736022813772
48379,0.875789602275089
48381,11.5161790969513
48215,66.3219851952929
48047,0.64045701500617
48245,24.3603142005758
48163,1.70948210586295
48501,0.749018047180027
48029,164.35178314879
48237,0.83250815023409
48013,4.11668389285068
48113,236.111777486599
48035,1.62883071771988
48039,31.4461971959213
48477,3.08862509643905
48051,1.51858089955985
48413,0.293986612307448
48417,0.27206620692631
48333,0.381856879702711
48277,4.46193475277935
48053,3.15274419082222
48293,2.10753300193697
48217,3.03049753566746
48377,0.643251360653158
48465,4.32986550756314
48207,0.505957558102663
48439,169.357023211142
48267,0.379956039234127
48299,1.82176265933685
48493,3.60892417764245
48083,0.763372881059959
48059,1.12292701472386
48269,0.0264563211387089
48033,0.0187230644190926
48371,1.50734445995154
48367,9.67687818554153
48401,4.30316974539631
48341,1.93934074993444
48139,14.676973708232
48127,0.832930270231903
48007,1.69688429483727
48063,1.24680324584697
48135,13.0005252844015
48195,0.512534918996446
48235,0.141747252676019
48107,0.486885353475158
48185,2.740149967995
48463,2.28871076053404
48291,7.08081969733615
48239,1.19103184599104
48283,0.632300720303969
48271,0.31818025397981
48305,0.507888386073809
48497,5.32758184729982
48409,6.30059215686372
48313,1.28217687106415
48431,0.109647314154454
48319,0.332314159524538
48281,1.88099103684794
48459,3.22699952006405
48003,1.34828340247942
48137,0.169824734922673
48251,15.3246353737264
48423,19.5688184776016
48481,3.71492755124311
48405,0.679844987632769
48111,1.11682256898529
48025,3.24024604032886
48097,3.1529108050584
48121,72.2019063933074
48213,7.56432946780596
48157,52.1949613234133
48197,0.361263421309985
48419,2.35143115211909
48491,41.2523902133695
48225,2.28840094067338
48161,1.65549083147804
48331,2.08289918656627
48041,21.5137173193376
48373,4.16074379597861
48015,2.65289582137944
48243,0.199991397513699
48179,2.06509731986622
48095,0.439106235042103
48311,0.0687917898718147
48031,0.887354986426819
48019,1.86650936807196
48399,0.958229224754676
48001,6.29663732546705
48221,4.64141898246893
48147,3.0952400947085
48057,1.90792654603781
48233,2.05281361263014
48337,1.81149714162275
48181,11.4815973865977
48089,1.88341268067736
48049,3.44399383153094
48203,5.00993892040675
48391,0.646938752486167
48279,1.17361690987253
48045,0.137619228152289
48425,0.768422103302729
48461,0.292379985958397
48201,402.371038133875
48469,8.01829145041877
48009,0.57505916783514
48241,3.25035641861642
48255,1.63971052024413
48175,0.536909403668962
48325,3.9378004841946
48339,42.1966675995593
48363,2.83650639262066
48027,30.92081905797
48011,0.149413955499641
48397,7.32901768819188
48149,2.09375542748137
48017,0.630044160736106
48349,4.22145104695793
48429,0.824913356217636
48385,0.248578342546411
48091,11.6878196057537
48109,0.216228253174383
48065,0.506513856874699
48093,1.05594487883324
48389,1.31776224476881
48067,2.5252032215628
48321,3.3742574353284
48261,0.0197915986940911
48445,1.16718000064891
48075,0.715141961121454
48071,2.96560289714914
48193,0.784098835254828
48359,0.224810339813486
48087,0.227585254782794
48435,0.36772940005139
48123,1.48559112779896
48199,5.08534708552517
48061,34.7389756798344
48101,0.11878110964173
48153,0.522159071349612
48353,1.41882318835522
48079,0.271600176656887
48155,0.109278131278513
48301,0.0115176489435693
48307,0.725968520528916
48219,2.01999657500392
48285,2.03962293643899
48335,0.96685889360448
48085,70.2714130276114
48315,0.977600233425576
48021,7.1531068672261
48433,0.115036496757912
48275,0.29566713643067
48495,0.634164535386734
48421,0.196561653406792
48345,0.0897224546709122
48205,0.123298818701317
48451,10.4772550327743
48115,1.30498098978612
48145,1.50597023674735
48383,0.31275282201084
48351,1.04683617492974
48467,4.42128195013392
48257,9.1103804496881
48479,21.8544235426534
48159,0.680473654204356
48357,0.881799342584645
48499,4.00280451589829
48289,1.73015466394356
48259,3.1498297421675
48347,6.44744799479779
48361,7.90635560022689
48129,0.326278868638817
48069,0.625338723790577
48191,0.271618842347258
48323,4.64215428827155
48005,7.94063299862844
48223,3.05463732223318
48119,0.432062231889048
48437,0.731503968706099
48327,0.173220513593004
48253,1.05325089952136
48411,0.527006336942467
48403,0.925795598768369
48453,106.533361552151
48329,12.6578732393633
48247,0.498488680997479
48309,22.665480377725
48171,2.12569992058149
48099,6.39571006703402
48211,0.326555641047677
48387,1.14927700262644
48117,1.6821602780814
48231,7.22572650060108
48043,0.886961476954411
48229,0.290216295850003
48287,1.4258997799677
48023,0.313849813813781
48355,32.2433754782124
48487,1.18888957552733
48485,13.4012560840209
48143,3.69045086426594
48209,17.6591003312832
48303,27.6279258259603
48167,30.0943489525759
48125,0.250678691705513
48447,0.129208651668151
48165,1.45702191170926
48249,3.71009053648022
48173,0.0894332894676266
48457,1.97241834223854
48443,0.0814157634635105
48489,2.07765382157715
48037,8.69258584312562
48133,1.69501129990678
48441,13.6457948345766
48375,11.3863325988638
48169,0.698989407062362
48317,0.438456913813138
48055,3.50743851310138
48189,3.38307972798293
48273,3.14571212147119
48395,1.36847172359262
48407,2.8285745451953
48103,0.379137349814666
48263,0.0660252897629198
48365,2.09142665311142
48503,1.671059241227
48297,0.824013731140747
48473,3.84039602695385
48455,1.23158917822013
48471,7.72411190831167
48151,0.294827180363983
48369,0.869784145894469
48507,1.00562401356305
48295,0.295528367732585
48227,3.47508551677757
48183,13.7310809748378
48475,0.939029879236205
48141,73.2475940162897
48505,1.15940497562215
48265,4.03062174946198
48187,10.630874276516
48177,1.74009322608125
48393,0.0722252059178117
0,0
49053,154.95508186998
49041,23.8214569529904
49051,27.1408726426413
49055,3.22041534058724
49045,70.5054784119944
49029,10.8954667259514
49027,14.3002639511623
49025,9.13743040774813
49057,302.929403093007
49007,27.1307838426613
49049,641.153378718441
49047,37.3199449865891
49031,1.48099317828783
49033,2.5221999949958
49015,12.9989751229619
49001,7.5586014649187
49019,13.597449989766
49017,6.30939260058958
49021,58.8502823887763
49009,1.36244231323763
49035,1369.81032170048
49011,368.50770355926
49037,16.293702047334
49039,35.0550392522245
49043,51.7735714950794
49023,11.2777703899709
49013,25.0843336884129
49003,58.613965580112
49005,146.393278289842
51085,0
51013,0
51009,0
51540,0
51169,0
51197,0
51700,0
51750,0
51740,0
51007,0
51103,0
51163,0
51175,0
51600,0
51035,0
51095,0
51105,0
51735,0
51097,0
51680,0
51005,0
51685,0
51133,0
51775,0
51790,0
51001,0
51171,0
51027,0
51515,0
51145,0
51137,0
51047,0
51153,0
51081,0
51061,0
51177,0
51023,0
51510,0
51720,0
51031,0
51610,0
51037,0
51079,0
51043,0
51173,0
51015,0
51143,0
51195,0
51121,0
51181,0
51590,0
51183,0
51520,0
51021,0
51800,0
51710,0
51053,0
51125,0
51683,0
51099,0
51091,0
51075,0
51017,0
51101,0
51069,0
51115,0
51630,0
51760,0
51550,0
51149,0
51690,0
51185,0
51029,0
51041,0
51840,0
51131,0
51167,0
51077,0
51063,0
51087,0
51057,0
51830,0
51073,0
51670,0
51530,0
51570,0
51770,0
51640,0
51093,0
51036,0
51067,0
51109,0
51660,0
51678,0
51083,0
51065,0
51179,0
51033,0
51199,0
51117,0
51820,0
51051,0
51141,0
51159,0
51111,0
51119,0
51165,0
51107,0
51595,0
51019,0
51071,0
51193,0
51161,0
51191,0
51089,0
51139,0
51113,0
51059,0
51155,0
51157,0
51049,0
51147,0
51650,0
51045,0
51003,0
51580,0
51810,0
51730,0
51187,0
51127,0
51135,0
51011,0
51025,0
51620,0
0,0
0,0
0,0
50005,0
50007,0
50001,0
50019,0
50025,0
50009,0
50027,0
50015,0
50013,0
50003,0
50021,0
50011,0
50017,0
50023,0
53063,61.306295861826
53065,5.58468382340868
53073,26.8388621534723
53051,1.47436308526659
53033,269.034222055709
53003,2.61749159152055
53015,12.8756562760305
53047,5.07504979736319
53031,3.39541205920459
53069,0.432792902128483
53001,2.32529986384906
53029,9.79177716105716
53013,0.445463618586494
53049,2.36780178865057
53011,54.0744309742166
53039,2.53775361382223
53075,6.96151110669957
53077,28.9784404111194
53053,103.485012501921
53071,7.5129184437652
53059,1.00954228611051
53067,32.8545809959285
53057,14.6008915242275
53043,1.29150046948929
53019,0.826596166281866
53009,8.64901111969276
53045,7.40201360223542
53041,9.30982595603406
53005,21.8637523788965
53037,5.78560644162457
53055,1.94891497173974
53017,4.54304343956074
53007,8.89082022771685
53025,10.382493620961
53035,33.142189824782
53061,94.7706797240611
53021,9.24916456073286
53027,9.51236012057426
53023,0.268440146399739
55129,0
55067,0
55053,0
55049,0
55013,0
55073,0
55041,0
55089,0
55015,0
55085,0
55001,0
55105,0
55037,0
55087,0
55101,0
55051,0
55071,0
55099,0
55127,0
55137,0
55061,0
55039,0
55081,0
55003,0
55111,0
55009,0
55103,0
55011,0
55005,0
55121,0
55091,0
55125,0
55117,0
55093,0
55019,0
55017,0
55141,0
55133,0
55055,0
55083,0
55139,0
55035,0
55069,0
55029,0
55057,0
55063,0
55115,0
55023,0
55075,0
55065,0
55078,0
55109,0
55045,0
55047,0
55027,0
55135,0
55021,0
55095,0
55077,0
55119,0
55113,0
55033,0
55043,0
55025,0
55123,0
55097,0
55031,0
55131,0
55007,0
55107,0
55079,0
55059,0
54009,0
54091,0
54065,0
54021,0
54083,0
54051,0
54047,0
54017,0
54105,0
54019,0
54025,0
54057,0
54109,0
54007,0
54039,0
54043,0
54003,0
54029,0
54085,0
54031,0
54023,0
54053,0
54103,0
54107,0
54069,0
54013,0
54099,0
54045,0
54063,0
54077,0
54037,0
54059,0
54071,0
54035,0
54093,0
54055,0
54011,0
54095,0
54001,0
54005,0
54073,0
54041,0
54081,0
54033,0
54027,0
54049,0
54079,0
54087,0
54097,0
54015,0
54067,0
54075,0
54061,0
54089,0
54101,0
56031,0
56001,0
56005,0
56029,0
56045,0
56039,0
56035,0
56023,0
56033,0
56019,0
56015,0
56013,0
56003,0
56027,0
56041,0
56017,0
56025,0
56043,0
56009,0
56011,0
56007,0
56021,0
56037,0
